"","103","118","123","141","187","201","231","233","242","251","363","379","380","381","512","653","685","726","728","733","776","837","907","912","918","1168","1174","1235"
"14854",1,1,1,1,1,1,1,1,1,1,1,1,1,1,1,1,1,0,0,0,1,1,1,1,1,1,1,1
"14863",1,1,1,1,1,1,1,1,1,1,1,1,1,1,1,1,1,1,1,1,1,-1,1,1,1,1,1,1
"14873",-1,-1,-1,-1,-1,-1,-1,-1,1,-1,1,-1,-1,-1,1,1,-1,-1,-1,1,1,1,-1,1,1,1,-1,1
"15029",-1,1,-1,-1,-1,1,-1,-1,1,-1,1,-1,-1,-1,1,1,-1,-1,-1,1,1,1,-1,1,1,1,1,1
"15433",-1,-1,-1,-1,-1,0,-1,-1,1,-1,1,-1,-1,-1,1,1,-1,-1,-1,1,1,1,-1,1,1,1,0,1
"15448",-1,-1,-1,-1,-1,-1,-1,-1,1,-1,1,-1,-1,-1,1,0,0,-1,-1,1,1,1,-1,1,1,1,1,0
"15454",-1,-1,-1,-1,-1,-1,-1,-1,1,-1,-1,-1,-1,-1,1,1,-1,-1,-1,1,1,-1,-1,1,1,1,1,1
"15616",-1,-1,-1,-1,0,-1,-1,-1,1,-1,1,-1,-1,-1,1,1,-1,-1,-1,1,1,1,-1,1,1,1,1,1
"20104",-1,-1,-1,-1,-1,-1,-1,-1,1,-1,1,-1,-1,-1,1,1,-1,-1,-1,1,1,1,-1,1,1,1,1,0
"20107",1,1,1,1,1,1,1,1,1,1,0,1,1,1,1,1,1,1,1,1,1,-1,1,1,1,1,1,1
"20119",-1,-1,-1,-1,-1,-1,-1,-1,1,-1,1,-1,-1,-1,1,1,-1,-1,0,1,1,1,-1,1,1,1,1,1
"20122",-1,-1,-1,-1,-1,-1,-1,-1,1,-1,1,-1,-1,-1,1,1,-1,-1,-1,1,1,1,-1,1,1,1,1,1
"20124",1,1,1,1,1,1,1,1,1,1,1,1,1,1,1,1,1,1,1,1,1,1,1,1,1,1,1,1
"20138",1,1,1,1,1,1,1,1,1,1,1,1,1,1,1,1,1,1,1,1,1,1,1,1,1,1,-1,1
"20145",-1,-1,-1,-1,-1,-1,-1,-1,1,-1,1,-1,-1,-1,1,1,-1,-1,-1,1,1,1,-1,1,1,1,1,1
"20301",1,1,1,1,1,1,1,1,1,1,1,1,1,1,1,-1,1,1,1,1,1,1,1,1,1,1,1,1
"20305",-1,-1,-1,-1,-1,-1,-1,-1,-1,-1,-1,-1,-1,-1,1,1,-1,-1,-1,1,0,0,0,0,0,0,0,0
"20310",-1,-1,-1,-1,-1,-1,-1,-1,1,-1,-1,-1,-1,-1,1,1,-1,-1,-1,1,1,1,-1,1,1,1,1,1
"20316",1,1,1,1,1,1,1,1,1,1,1,1,1,1,1,1,1,1,1,1,1,1,1,1,0,1,1,1
"20321",-1,-1,-1,1,0,-1,-1,-1,1,-1,1,-1,-1,-1,1,1,-1,-1,-1,1,1,1,-1,1,1,1,0,1
"20322",-1,-1,-1,-1,-1,-1,-1,-1,1,-1,1,-1,-1,-1,1,1,1,-1,1,1,1,1,-1,1,1,1,1,1
"20329",-1,-1,-1,-1,-1,-1,-1,-1,1,-1,1,-1,-1,-1,1,1,-1,-1,-1,1,1,1,-1,1,1,1,1,1
"20342",1,1,1,1,1,0,1,1,1,0,1,1,1,1,1,1,1,1,1,1,1,1,1,1,1,1,1,1
"20344",1,1,1,1,1,1,1,1,1,1,1,1,1,1,1,1,1,1,1,1,1,1,1,1,1,1,1,1
"20355",1,1,1,1,1,1,1,1,1,1,1,1,1,1,1,1,1,1,1,-1,1,1,0,0,1,1,1,0
"20356",1,1,1,1,1,1,1,1,-1,1,1,1,1,1,0,-1,1,1,1,1,-1,1,0,0,1,1,1,1
"20501",-1,1,-1,1,-1,-1,-1,-1,1,-1,1,-1,-1,-1,1,1,-1,-1,1,1,1,1,1,1,1,1,1,0
"20504",-1,-1,-1,-1,-1,-1,-1,-1,1,-1,1,-1,-1,-1,1,1,-1,-1,-1,1,1,1,-1,1,1,1,1,1
"20517",-1,-1,0,0,-1,-1,-1,-1,1,-1,1,-1,-1,-1,1,1,-1,-1,-1,0,1,1,0,0,0,1,1,1
"20519",-1,-1,-1,-1,-1,-1,-1,-1,1,-1,1,-1,-1,-1,1,1,-1,-1,-1,1,0,0,0,0,0,0,0,0
"20521",1,1,1,1,1,1,1,1,1,1,1,1,1,1,1,1,1,1,1,1,1,-1,1,-1,1,1,-1,1
"20522",1,1,1,1,1,1,1,0,1,1,1,1,1,1,1,1,1,1,1,1,1,1,1,1,1,1,0,1
"20529",-1,-1,-1,-1,-1,-1,-1,-1,1,-1,1,-1,-1,-1,1,1,-1,-1,-1,1,1,1,-1,1,1,1,1,1
"20530",1,1,1,1,1,1,1,1,1,1,1,1,1,1,1,1,1,1,1,1,1,1,0,0,1,1,1,1
"20533",-1,1,-1,1,1,-1,1,-1,1,-1,0,-1,1,1,1,1,1,-1,1,1,1,1,1,1,1,1,1,1
"20535",1,1,1,1,1,1,1,1,1,1,1,1,1,1,1,1,0,1,1,1,1,1,1,1,1,1,1,0
"20537",-1,-1,-1,-1,-1,-1,-1,-1,-1,-1,-1,-1,-1,-1,1,1,-1,-1,0,1,1,-1,-1,1,1,1,1,1
"20538",-1,-1,-1,-1,-1,-1,-1,-1,1,-1,1,-1,-1,-1,1,1,-1,-1,-1,1,1,-1,-1,0,1,1,1,1
"20703",0,1,0,0,1,1,0,1,1,1,0,1,1,0,1,1,0,0,0,0,0,0,0,0,0,0,0,0
"20704",1,1,1,1,1,1,1,1,1,1,1,1,0,1,1,1,1,1,1,1,1,1,1,1,1,1,1,0
"20706",-1,-1,-1,-1,-1,-1,-1,-1,1,-1,0,-1,-1,-1,1,1,-1,-1,1,1,1,1,-1,1,1,1,1,1
"20708",-1,0,-1,-1,-1,-1,-1,-1,1,-1,1,-1,-1,-1,1,1,-1,-1,-1,1,1,1,-1,1,1,1,1,1
"20709",1,1,1,1,1,1,1,1,-1,1,1,1,0,0,1,1,1,1,1,1,1,1,1,1,1,1,0,1
"20712",-1,-1,-1,-1,-1,-1,-1,0,1,-1,-1,-1,-1,-1,1,1,-1,-1,-1,1,1,1,-1,1,1,1,-1,1
"20724",-1,-1,0,-1,-1,-1,-1,-1,1,-1,1,-1,-1,-1,1,1,-1,-1,-1,1,1,1,-1,1,1,1,1,1
"20725",1,1,1,1,1,1,1,1,1,1,1,1,1,1,1,1,1,1,1,1,-1,1,1,1,1,1,1,1
"20729",1,1,1,1,1,1,1,1,1,1,1,1,1,1,1,1,1,1,1,1,1,1,1,1,1,1,-1,1
"20733",-1,-1,-1,-1,-1,-1,-1,-1,-1,-1,-1,-1,-1,-1,1,1,-1,-1,-1,1,1,-1,-1,1,1,1,1,1
"20738",1,1,1,1,1,1,1,1,1,1,1,1,1,1,-1,-1,1,1,1,-1,-1,-1,1,1,1,-1,1,1
"20748",0,-1,-1,-1,0,-1,-1,-1,1,-1,1,-1,-1,-1,1,1,-1,-1,-1,1,1,1,-1,1,1,1,1,1
"20749",-1,-1,-1,-1,-1,-1,-1,-1,1,-1,1,-1,-1,-1,1,1,-1,-1,-1,1,1,1,-1,1,1,1,1,1
"20755",1,1,1,1,1,1,1,1,1,1,1,1,1,1,1,1,1,1,1,1,1,1,1,1,1,1,1,1
"20756",1,1,1,1,1,1,1,1,1,1,1,1,1,1,1,-1,1,1,1,1,1,1,1,1,1,1,0,1
"20757",-1,-1,-1,-1,-1,-1,-1,-1,1,-1,1,-1,-1,-1,1,1,-1,-1,-1,1,1,1,0,0,1,1,1,1
"20758",1,1,1,1,1,1,1,1,1,1,1,1,1,1,1,1,1,1,1,-1,0,-1,1,1,1,-1,1,1
"20759",1,1,1,1,1,1,1,1,1,1,1,1,1,1,1,1,1,0,0,0,1,1,1,1,1,1,1,1
"20903",1,1,1,1,1,1,1,1,1,1,-1,1,1,1,1,-1,1,-1,1,-1,1,-1,1,1,-1,-1,-1,1
"20907",-1,-1,-1,-1,-1,-1,-1,-1,1,-1,1,-1,-1,-1,1,1,-1,-1,-1,1,1,1,-1,1,1,1,1,1
"20909",1,1,1,1,1,1,1,1,-1,1,1,1,1,1,-1,-1,1,1,1,-1,-1,-1,1,1,1,-1,1,1
"20916",1,1,1,1,1,1,1,1,1,1,1,1,1,1,1,1,1,1,1,1,1,1,1,1,1,1,1,1
"20920",-1,-1,-1,-1,-1,-1,-1,-1,1,-1,1,-1,-1,-1,1,1,-1,-1,-1,1,1,-1,-1,1,1,1,1,1
"20926",1,1,1,1,1,1,1,1,1,1,1,1,1,1,1,1,1,1,0,1,1,0,1,0,1,1,1,0
"20927",-1,-1,-1,-1,-1,-1,-1,-1,1,-1,1,-1,-1,-1,1,1,-1,-1,-1,1,1,1,-1,1,1,1,1,1
"20934",-1,-1,-1,-1,-1,-1,-1,-1,1,-1,1,-1,-1,-1,1,1,-1,-1,-1,1,1,1,-1,1,1,1,1,1
"20946",1,1,1,1,1,1,1,1,1,1,1,1,1,1,1,1,1,1,1,1,1,1,1,1,1,1,1,1
"20952",-1,-1,-1,-1,-1,-1,-1,-1,-1,-1,1,-1,-1,-1,1,1,-1,-1,-1,1,1,1,-1,1,-1,1,0,1
"20954",-1,-1,-1,-1,-1,-1,0,0,1,-1,1,-1,-1,-1,-1,-1,-1,-1,-1,-1,-1,1,-1,1,1,1,1,1
"20955",-1,-1,-1,-1,-1,-1,-1,-1,-1,-1,-1,-1,-1,-1,1,1,-1,-1,-1,1,1,-1,-1,1,1,1,1,1
"20958",-1,-1,-1,-1,-1,1,-1,-1,1,-1,1,-1,-1,-1,1,1,-1,-1,-1,1,1,1,-1,1,1,1,1,0
"21102",-1,-1,-1,-1,0,1,-1,-1,1,-1,1,-1,-1,-1,1,1,-1,-1,0,1,1,1,-1,1,1,1,1,1
"21103",1,1,1,1,1,1,1,1,-1,1,1,1,1,1,-1,-1,1,0,0,-1,0,-1,1,1,1,-1,1,1
"21105",1,1,1,0,1,1,1,1,1,1,1,1,1,1,-1,-1,1,1,1,-1,-1,-1,1,1,1,-1,-1,1
"21106",1,1,0,1,1,1,1,1,1,1,1,1,1,1,1,1,0,0,1,1,1,1,1,1,1,1,-1,1
"21108",1,1,1,1,1,1,1,1,1,1,1,1,1,1,1,1,1,1,1,1,1,1,1,1,1,1,-1,1
"21116",1,1,1,1,1,1,1,1,1,1,1,1,1,1,-1,-1,1,1,1,-1,-1,1,1,1,1,-1,1,1
"21118",-1,-1,-1,-1,-1,-1,-1,-1,-1,-1,1,-1,-1,-1,1,1,-1,0,0,1,1,1,-1,1,0,1,0,1
"21123",1,1,1,1,1,1,1,1,1,1,1,1,1,1,1,1,1,1,1,1,1,1,1,1,1,1,-1,1
"21132",1,1,1,1,1,1,1,1,1,1,1,1,1,1,1,1,1,1,1,1,0,1,1,1,1,1,0,0
"21139",1,1,1,1,1,1,1,1,-1,1,1,1,1,1,-1,1,1,1,1,-1,-1,-1,1,-1,1,-1,-1,-1
"21140",-1,-1,-1,-1,-1,-1,-1,-1,1,-1,1,-1,-1,-1,1,1,-1,-1,-1,1,1,1,-1,1,1,1,0,1
"21142",1,1,1,1,1,1,1,1,1,1,1,1,1,1,1,1,1,1,0,1,1,1,1,1,1,1,1,1
"21162",1,1,1,1,1,1,1,1,1,1,1,1,1,1,1,1,0,1,1,1,0,0,0,0,0,0,0,0
"21167",1,1,1,1,0,0,1,1,1,1,1,1,1,1,1,1,0,1,1,1,1,1,1,1,1,1,1,1
"21172",-1,-1,-1,-1,-1,-1,-1,-1,1,0,0,0,0,0,0,0,0,0,0,0,0,0,0,0,0,0,0,0
"21174",1,0,1,1,1,1,1,1,1,1,1,1,1,1,-1,-1,1,1,1,-1,0,-1,1,1,1,-1,-1,1
"21178",1,1,1,1,1,1,1,1,1,1,1,1,1,1,1,1,1,1,1,1,1,1,1,1,1,1,1,1
"21179",1,1,1,1,1,0,1,1,-1,1,1,1,1,1,-1,-1,1,1,1,0,-1,-1,1,1,1,0,1,-1
"21191",1,1,1,1,1,1,1,1,-1,1,1,1,1,1,-1,-1,1,1,1,-1,-1,-1,1,1,1,-1,-1,1
"21196",1,1,1,1,1,1,1,1,1,1,1,1,1,1,1,1,1,1,1,1,1,1,1,1,1,1,1,1
"21198",-1,-1,-1,-1,-1,-1,-1,-1,-1,-1,1,-1,-1,-1,1,1,-1,-1,-1,1,1,-1,-1,1,1,1,1,1
"21302",1,1,1,1,1,1,1,1,1,1,1,1,1,1,1,1,1,1,1,1,1,-1,0,0,1,1,1,1
"21303",-1,-1,-1,-1,-1,-1,-1,-1,-1,-1,1,0,0,0,1,1,-1,-1,-1,1,1,-1,-1,1,1,1,1,1
"21304",-1,-1,-1,-1,-1,-1,-1,-1,1,-1,1,-1,-1,-1,1,1,-1,-1,1,1,1,1,-1,1,1,1,1,1
"21306",-1,0,-1,-1,-1,-1,-1,-1,1,-1,1,-1,-1,-1,1,1,-1,-1,0,1,1,1,1,1,1,1,1,1
"21307",1,1,1,1,1,1,1,1,1,1,1,1,1,1,1,1,1,1,1,1,1,1,1,1,1,1,1,1
"21308",-1,-1,-1,-1,-1,-1,-1,-1,1,-1,1,-1,-1,-1,1,1,-1,-1,-1,1,1,1,-1,1,1,1,1,1
"21309",-1,-1,-1,-1,-1,-1,-1,-1,1,-1,-1,-1,-1,-1,1,1,-1,0,0,0,1,-1,-1,1,1,1,1,1
"21311",-1,-1,-1,-1,-1,-1,-1,-1,1,-1,1,-1,-1,-1,1,1,-1,-1,-1,1,1,1,-1,1,1,1,1,1
"21312",-1,-1,-1,-1,-1,-1,-1,-1,1,-1,1,-1,-1,-1,1,1,-1,-1,-1,1,1,-1,-1,1,1,1,1,1
"21314",-1,-1,-1,-1,-1,-1,-1,0,-1,-1,1,-1,-1,-1,1,1,-1,-1,-1,1,1,1,-1,1,1,1,1,1
"21315",-1,-1,-1,-1,-1,0,-1,-1,1,-1,1,-1,-1,-1,1,1,-1,-1,1,1,1,1,-1,1,1,1,1,1
"21321",-1,-1,-1,-1,-1,-1,-1,-1,1,-1,1,-1,-1,-1,1,1,-1,-1,-1,1,1,1,-1,1,1,1,1,1
"21326",-1,-1,-1,-1,-1,0,-1,-1,1,-1,1,-1,-1,-1,1,1,-1,-1,0,1,1,1,-1,1,1,1,1,1
"21333",1,1,1,1,1,1,1,1,1,1,1,1,1,1,1,1,1,1,1,1,1,1,1,1,0,1,1,1
"21337",1,1,1,1,1,1,1,1,1,1,1,1,1,1,1,1,1,1,0,1,1,1,1,1,1,1,1,1
"21339",-1,-1,-1,-1,-1,-1,-1,-1,1,-1,1,-1,-1,-1,1,1,-1,-1,0,1,1,1,-1,1,1,1,1,1
"21340",-1,0,-1,-1,-1,-1,-1,-1,1,-1,1,-1,-1,-1,1,1,-1,0,0,1,1,1,-1,1,1,1,1,1
"21342",-1,-1,-1,-1,-1,-1,-1,-1,-1,-1,-1,-1,-1,-1,1,1,-1,-1,-1,1,1,1,-1,1,1,1,1,1
"21343",-1,-1,-1,-1,-1,-1,-1,-1,1,-1,1,-1,-1,-1,1,1,-1,0,0,1,1,1,-1,1,1,1,1,1
"21346",1,1,1,1,1,1,1,1,1,1,1,1,1,1,1,1,1,1,1,1,0,1,1,1,1,1,1,1
"21351",1,1,1,1,1,1,1,1,1,1,1,1,1,1,1,1,1,1,1,1,1,1,1,1,1,1,1,0
"21352",-1,0,-1,-1,-1,-1,-1,-1,1,-1,1,-1,-1,-1,1,1,-1,0,0,1,1,-1,-1,1,1,1,1,1
"21353",1,1,0,1,1,1,1,1,1,1,1,1,1,1,1,1,1,1,1,1,1,1,1,1,1,1,1,1
"21356",1,1,1,1,1,1,1,1,-1,1,-1,1,1,1,-1,-1,1,1,1,-1,-1,-1,1,1,-1,-1,-1,-1
"21358",-1,-1,-1,-1,-1,-1,-1,-1,1,-1,-1,-1,-1,-1,1,1,-1,0,-1,1,1,1,-1,1,1,1,0,1
"21360",1,1,1,1,1,1,1,1,-1,1,1,1,1,1,-1,-1,1,1,1,-1,-1,-1,1,1,1,-1,1,1
"21362",-1,-1,0,0,-1,-1,-1,-1,-1,-1,1,-1,-1,-1,1,1,-1,-1,-1,1,1,-1,-1,1,1,1,1,1
"21364",1,1,0,1,1,1,1,1,1,1,1,1,1,1,-1,-1,1,1,1,-1,-1,1,1,1,1,-1,1,0
"21365",-1,-1,-1,-1,-1,-1,-1,-1,1,-1,1,-1,-1,-1,1,1,-1,-1,-1,1,1,1,1,1,1,1,1,1
"21367",1,1,1,1,1,1,1,1,1,1,1,1,1,1,0,0,0,0,0,0,0,0,0,0,0,0,0,0
"21368",-1,1,-1,-1,-1,-1,-1,-1,1,-1,1,-1,-1,-1,1,1,-1,-1,-1,1,1,1,-1,1,1,1,1,1
"21370",-1,0,-1,-1,-1,-1,-1,-1,-1,-1,1,-1,-1,-1,1,1,-1,-1,-1,1,1,-1,-1,1,1,1,1,1
"21371",-1,-1,-1,-1,-1,-1,-1,-1,1,-1,1,-1,-1,-1,1,1,-1,0,0,1,1,1,-1,1,1,1,1,1
"21372",-1,-1,-1,-1,0,1,-1,-1,1,-1,-1,-1,-1,-1,1,1,-1,-1,-1,1,1,0,-1,1,1,1,1,1
"21373",1,1,1,1,1,1,1,1,1,1,1,1,1,1,1,1,1,1,1,1,1,-1,1,1,1,1,0,1
"21375",-1,-1,-1,-1,-1,-1,-1,-1,1,-1,1,-1,-1,-1,1,1,-1,-1,-1,1,1,1,-1,1,1,1,1,1
"21500",1,1,1,1,1,1,1,1,-1,1,1,1,1,1,-1,-1,1,1,1,-1,-1,1,1,1,1,-1,-1,1
"21502",1,-1,-1,-1,-1,-1,-1,-1,1,-1,0,0,0,0,1,1,-1,-1,-1,1,1,0,1,1,1,1,1,1
"21503",1,1,1,1,1,1,1,1,1,1,1,1,1,1,1,1,1,1,1,1,1,1,1,1,1,1,1,1
"21504",-1,-1,-1,-1,-1,-1,-1,-1,-1,-1,1,-1,-1,-1,1,1,-1,-1,-1,1,1,-1,-1,1,1,1,1,1
"21506",-1,-1,-1,-1,-1,-1,-1,-1,1,-1,1,-1,-1,-1,1,1,-1,-1,-1,1,1,1,-1,1,1,1,1,1
"21507",-1,-1,-1,0,-1,-1,-1,-1,1,-1,-1,-1,-1,-1,1,1,-1,-1,-1,1,1,1,-1,1,1,1,1,0
"21508",-1,-1,-1,-1,-1,-1,-1,-1,-1,-1,1,-1,-1,-1,1,1,-1,-1,-1,1,1,1,-1,1,1,1,1,1
"21510",1,1,0,1,0,1,1,1,-1,1,-1,-1,1,1,-1,-1,1,0,0,-1,-1,0,0,0,0,0,0,0
"21513",1,1,1,1,1,1,1,1,1,1,1,1,1,1,0,1,1,1,0,1,1,1,1,1,1,1,-1,1
"21515",1,1,1,1,1,1,1,1,1,1,1,1,1,1,-1,1,1,1,1,-1,1,-1,1,1,1,1,-1,1
"21516",1,1,1,1,1,1,1,1,1,1,1,1,1,1,1,1,1,1,1,1,-1,1,1,1,1,1,-1,1
"21519",1,1,1,1,1,1,1,1,-1,1,1,1,1,1,-1,-1,1,1,1,-1,-1,-1,1,1,1,-1,1,1
"21523",1,1,1,1,1,1,1,1,1,1,1,1,1,1,1,-1,1,1,1,1,1,1,1,1,1,1,1,1
"21525",-1,-1,-1,-1,-1,-1,-1,-1,1,-1,1,-1,-1,-1,1,1,-1,-1,-1,1,1,1,1,1,1,1,1,0
"21526",1,1,1,1,1,1,1,1,1,1,1,1,1,1,-1,1,1,1,1,1,1,1,1,1,1,1,-1,1
"21529",-1,-1,-1,-1,-1,-1,-1,-1,1,-1,1,-1,-1,-1,1,1,-1,-1,-1,1,1,-1,-1,1,1,1,1,1
"21531",1,1,1,1,1,1,1,1,1,1,1,1,1,1,1,1,1,1,1,1,1,1,1,1,1,1,1,1
"21532",1,1,1,1,1,1,1,1,-1,1,1,1,1,1,-1,-1,1,1,1,1,1,-1,1,1,1,1,-1,1
"21536",-1,-1,-1,-1,-1,-1,-1,-1,1,-1,0,-1,-1,-1,1,1,-1,-1,0,1,1,1,-1,1,1,1,1,1
"21538",-1,-1,-1,-1,-1,0,-1,-1,1,-1,-1,-1,-1,-1,1,1,-1,-1,-1,1,1,-1,-1,1,1,1,1,1
"21541",1,1,1,1,1,1,1,1,1,1,1,1,1,1,1,1,1,1,1,-1,1,1,1,1,1,1,-1,1
"21544",1,1,1,1,1,1,1,1,1,1,1,1,1,1,1,1,1,1,1,1,1,1,1,1,1,1,-1,1
"21545",-1,-1,-1,-1,-1,-1,-1,-1,1,-1,1,-1,-1,-1,1,1,-1,-1,-1,1,1,1,-1,1,1,1,1,1
"21548",0,-1,-1,0,-1,-1,-1,-1,1,-1,0,-1,-1,-1,1,1,-1,-1,-1,1,1,1,1,1,0,1,1,1
"21551",1,1,1,1,1,1,1,1,1,1,1,1,1,1,-1,1,1,1,1,-1,1,0,1,1,1,1,1,1
"21554",-1,-1,-1,-1,-1,-1,0,0,1,-1,1,-1,-1,-1,1,1,-1,-1,-1,1,1,1,-1,1,-1,1,1,1
"21556",1,1,1,1,1,1,1,1,1,1,1,1,1,1,1,1,1,1,1,1,1,1,1,1,1,1,0,0
"21557",1,1,1,1,1,1,1,0,-1,1,1,1,1,1,-1,-1,1,1,1,-1,-1,0,1,1,0,-1,0,-1
"21559",1,1,1,1,1,1,1,1,1,1,1,1,1,1,1,1,1,1,1,-1,1,1,1,1,-1,1,-1,-1
"21561",1,1,1,1,1,1,1,1,1,1,1,1,1,1,-1,-1,1,1,1,-1,-1,1,1,1,1,-1,1,1
"21562",1,1,1,1,1,1,1,1,-1,1,1,1,1,1,-1,-1,1,1,1,-1,-1,1,1,1,1,-1,-1,1
"21563",1,1,1,1,1,1,1,1,1,1,1,1,1,1,1,1,1,1,1,-1,-1,-1,1,1,1,-1,-1,1
"21564",1,1,1,1,1,1,1,1,1,1,1,1,1,1,-1,-1,1,1,1,-1,-1,-1,1,1,-1,-1,1,1
"21565",1,1,1,1,1,1,1,1,1,1,1,1,1,1,1,1,1,1,0,1,1,-1,1,1,1,1,1,1
"21566",-1,-1,-1,-1,-1,-1,-1,-1,1,-1,1,-1,-1,-1,1,1,-1,-1,-1,1,1,1,-1,1,0,0,0,0
"21700",1,1,1,1,0,1,1,1,1,1,1,1,1,1,1,1,1,1,1,-1,-1,-1,1,1,1,1,-1,1
"21701",1,1,1,1,1,1,1,1,1,1,1,1,1,1,1,1,1,1,1,0,1,1,1,1,1,1,1,1
"21702",1,1,1,1,1,1,1,1,0,1,1,1,1,1,-1,-1,1,1,1,-1,-1,-1,0,0,1,-1,1,-1
"21703",-1,-1,-1,-1,-1,-1,-1,-1,-1,-1,1,-1,-1,-1,1,1,-1,-1,-1,1,1,1,-1,1,1,1,1,1
"21704",1,1,1,1,1,1,1,1,1,1,-1,1,1,1,1,1,1,1,1,-1,-1,1,1,1,1,1,1,1
"21705",1,1,1,1,1,1,1,1,-1,1,-1,1,1,1,-1,-1,1,1,1,-1,-1,-1,1,-1,-1,-1,-1,-1
"21706",-1,-1,-1,-1,-1,-1,-1,-1,1,-1,1,-1,-1,-1,1,1,-1,0,0,0,1,1,-1,1,1,1,1,1
"21709",-1,-1,-1,-1,-1,-1,-1,-1,1,-1,1,-1,-1,-1,1,1,-1,-1,-1,1,1,1,-1,1,1,1,1,1
"21711",-1,1,-1,-1,0,-1,-1,-1,1,-1,-1,-1,-1,-1,1,1,-1,-1,1,1,1,1,-1,1,1,1,1,1
"21714",1,1,1,1,1,1,1,1,1,1,1,1,1,1,1,1,1,1,1,-1,1,-1,1,1,1,1,-1,1
"21715",-1,-1,-1,-1,-1,-1,-1,-1,-1,-1,1,-1,-1,-1,1,1,-1,-1,-1,1,1,-1,-1,1,1,1,1,1
"21717",1,1,1,1,1,1,1,1,1,1,1,1,1,1,1,1,1,1,1,1,1,1,1,1,1,0,0,0
"21718",1,1,1,-1,1,1,-1,1,1,-1,1,1,-1,-1,1,1,1,-1,1,1,1,1,1,1,1,1,1,1
"21719",1,1,1,1,1,1,1,1,-1,1,-1,1,1,1,-1,-1,1,1,1,-1,-1,-1,1,1,-1,-1,0,0
"21720",1,1,1,1,1,1,1,1,1,1,1,1,1,1,1,-1,1,1,0,-1,-1,1,0,0,0,0,0,0
"21722",-1,1,-1,1,-1,-1,1,-1,1,-1,1,-1,-1,-1,1,1,-1,-1,-1,1,0,1,-1,1,1,1,1,1
"21723",-1,1,-1,-1,1,-1,0,-1,1,0,1,-1,-1,-1,1,1,-1,-1,-1,1,1,1,1,1,1,1,1,1
"21724",1,1,1,1,1,1,1,1,-1,1,-1,1,1,1,-1,-1,1,0,1,-1,-1,-1,1,1,-1,-1,1,1
"21726",-1,-1,-1,-1,-1,-1,-1,-1,-1,-1,1,-1,-1,-1,1,1,-1,-1,-1,1,1,-1,-1,1,1,1,1,1
"21727",1,1,1,1,1,1,1,1,1,1,1,1,1,1,-1,1,0,1,1,1,1,1,0,1,1,1,1,1
"21728",-1,-1,-1,-1,-1,1,-1,-1,-1,-1,1,-1,-1,-1,1,1,-1,-1,-1,1,1,-1,-1,1,1,1,1,1
"21730",-1,-1,-1,-1,-1,-1,-1,-1,1,-1,1,-1,-1,-1,1,1,-1,-1,-1,1,1,1,-1,1,1,1,1,1
"21731",1,1,0,1,1,1,0,1,1,1,1,1,1,1,1,1,1,1,1,1,1,1,1,1,1,1,0,1
"21735",1,1,1,1,1,1,1,1,-1,1,1,1,1,1,-1,-1,1,1,1,-1,-1,-1,1,1,1,1,1,1
"21740",-1,1,-1,1,1,-1,-1,-1,1,-1,-1,-1,-1,-1,1,1,-1,-1,-1,1,1,1,-1,1,-1,1,1,1
"21741",-1,-1,-1,-1,-1,-1,-1,-1,1,-1,1,-1,-1,-1,1,1,-1,-1,-1,1,1,1,-1,1,1,1,1,1
"21744",1,1,1,1,1,1,1,1,1,1,1,1,1,1,1,1,1,1,1,1,1,1,1,1,1,1,1,1
"21745",1,1,1,1,1,1,1,1,1,1,1,1,1,1,1,1,1,1,1,1,1,1,1,1,1,1,-1,1
"21746",-1,0,-1,-1,-1,-1,-1,-1,1,-1,1,-1,-1,-1,1,1,-1,-1,-1,1,1,1,1,1,1,1,1,1
"21747",0,0,0,0,0,0,0,0,0,0,0,0,0,0,0,0,0,0,0,0,1,1,-1,1,1,1,1,0
"21749",1,1,1,1,1,1,1,1,1,1,1,1,1,1,1,1,1,1,1,1,0,1,1,1,1,-1,1,1
"21750",1,1,1,1,1,1,1,1,1,1,1,1,1,1,-1,-1,1,1,1,-1,-1,1,1,1,1,-1,-1,1
"21753",1,1,1,1,1,1,1,1,-1,1,-1,1,1,1,-1,-1,1,1,1,-1,-1,-1,1,-1,-1,-1,-1,1
"21754",-1,-1,-1,-1,-1,-1,-1,-1,-1,-1,-1,-1,-1,-1,1,1,-1,-1,-1,1,1,1,-1,1,1,1,0,1
"21755",1,1,1,1,1,-1,1,1,1,1,1,1,1,1,1,1,1,1,1,-1,-1,-1,1,1,1,-1,1,-1
"21757",1,1,1,1,1,1,1,1,-1,1,1,1,1,1,-1,-1,1,1,1,-1,-1,0,1,1,1,-1,1,-1
"21758",1,1,1,1,1,1,1,1,-1,1,-1,1,1,1,-1,-1,1,1,1,-1,-1,-1,1,-1,1,-1,1,-1
"21759",1,1,1,1,1,1,1,1,1,1,1,1,1,1,1,1,1,1,1,1,1,1,1,1,1,-1,1,1
"21760",1,1,1,1,1,1,1,1,-1,1,1,1,1,1,-1,-1,1,1,1,-1,-1,1,1,1,1,1,-1,1
"21761",-1,-1,-1,-1,-1,0,-1,-1,1,-1,1,-1,-1,-1,1,1,-1,-1,-1,1,1,1,-1,1,1,1,1,1
"21762",-1,-1,-1,-1,-1,-1,-1,0,1,-1,0,-1,-1,-1,1,1,-1,0,0,1,1,-1,-1,1,1,1,1,1
"21763",-1,-1,0,-1,-1,-1,-1,-1,1,-1,1,-1,-1,-1,1,1,-1,-1,-1,1,1,1,-1,1,1,1,0,1
"21900",-1,-1,-1,-1,-1,-1,-1,-1,1,-1,1,-1,-1,-1,1,1,-1,-1,-1,1,1,1,-1,1,1,1,1,0
"21901",1,1,1,1,1,1,1,1,1,1,1,1,1,1,1,1,1,1,1,1,-1,-1,1,1,1,1,0,0
"21903",1,1,1,1,1,1,1,1,1,1,1,1,1,1,1,1,1,1,1,-1,-1,-1,1,1,1,-1,-1,1
"21905",1,1,1,1,1,1,1,1,-1,1,-1,-1,1,1,-1,-1,1,1,1,-1,-1,-1,1,1,-1,-1,-1,-1
"21906",-1,-1,-1,-1,-1,-1,-1,-1,1,0,1,-1,-1,-1,1,1,-1,-1,-1,1,0,1,-1,1,1,1,1,1
"21908",1,1,1,1,1,1,1,1,-1,1,-1,1,1,1,-1,-1,1,1,1,-1,-1,-1,1,1,1,1,-1,1
"21910",1,1,-1,1,1,-1,-1,-1,0,-1,1,-1,-1,-1,1,1,-1,-1,-1,1,1,1,1,1,1,1,1,1
"21911",1,1,1,1,1,1,1,1,1,1,1,1,1,1,1,1,1,1,0,1,1,1,1,1,1,1,-1,1
"21912",-1,-1,-1,-1,-1,-1,-1,-1,1,-1,1,-1,-1,-1,1,1,-1,-1,-1,1,1,1,-1,1,1,1,1,1
"21914",-1,-1,-1,-1,-1,-1,-1,-1,1,-1,1,-1,1,-1,1,1,-1,-1,-1,1,1,1,-1,1,1,1,1,1
"21915",-1,-1,-1,-1,-1,-1,-1,-1,1,-1,0,-1,-1,-1,1,1,-1,-1,-1,1,1,1,-1,1,1,1,1,1
"21917",-1,-1,-1,-1,-1,-1,-1,-1,1,-1,1,-1,-1,-1,1,1,-1,-1,-1,1,1,1,-1,1,1,1,1,1
"21919",-1,-1,-1,-1,-1,-1,-1,-1,1,-1,1,-1,-1,-1,1,1,-1,-1,-1,1,1,1,-1,1,1,1,1,0
"21920",1,1,1,1,1,1,1,1,-1,1,-1,1,1,1,-1,-1,1,1,1,0,-1,-1,1,1,1,-1,-1,-1
"21921",0,0,0,-1,-1,-1,-1,0,-1,-1,1,-1,-1,-1,1,1,-1,-1,0,1,1,-1,-1,1,1,1,1,1
"21922",-1,-1,-1,-1,-1,-1,-1,-1,-1,-1,-1,-1,-1,-1,1,1,-1,-1,-1,1,1,-1,-1,0,1,1,1,1
"21923",1,1,1,1,1,1,1,1,1,1,-1,-1,-1,1,1,1,1,1,-1,1,1,1,-1,1,1,1,1,1
"21925",1,1,1,1,1,1,1,1,-1,1,1,1,1,1,-1,-1,1,1,1,-1,-1,-1,1,1,1,-1,1,-1
"21926",1,1,1,1,1,1,1,1,1,1,1,1,1,1,-1,-1,1,1,1,-1,-1,-1,1,1,1,1,1,1
"21927",1,1,1,1,1,1,1,1,-1,1,1,1,1,1,-1,-1,1,1,1,-1,-1,1,1,1,1,-1,1,1
"21930",-1,1,-1,-1,-1,-1,-1,-1,1,-1,1,-1,-1,-1,1,1,-1,-1,-1,1,1,1,-1,1,1,1,1,1
"21931",-1,-1,-1,-1,-1,-1,-1,-1,-1,-1,1,-1,-1,-1,1,1,-1,-1,-1,1,1,1,-1,1,1,1,1,1
"21934",-1,-1,-1,-1,-1,-1,-1,-1,1,-1,0,-1,-1,-1,1,1,-1,-1,-1,1,1,1,1,1,1,1,0,1
"21935",1,1,1,1,1,1,1,1,1,1,1,1,1,1,1,1,1,1,0,1,1,1,1,1,0,1,1,1
"21936",1,1,1,1,1,1,1,1,1,1,1,1,1,1,0,-1,1,1,1,-1,-1,-1,1,1,1,-1,1,1
"21937",-1,-1,-1,-1,-1,-1,-1,-1,1,-1,-1,-1,-1,-1,1,1,-1,0,0,1,1,1,-1,1,0,1,1,0
"21938",1,1,-1,-1,1,-1,-1,-1,1,-1,1,-1,-1,-1,1,1,-1,-1,-1,1,1,1,-1,1,1,1,1,1
"21939",-1,-1,-1,-1,-1,-1,-1,-1,1,-1,-1,-1,-1,-1,1,1,-1,-1,-1,1,1,1,-1,1,1,1,1,1
"21944",-1,-1,-1,-1,-1,-1,-1,-1,1,-1,1,-1,-1,-1,1,1,-1,-1,-1,1,1,1,-1,1,1,1,1,1
"21945",1,1,1,1,1,1,1,1,1,1,1,1,1,1,1,1,1,1,1,1,1,-1,1,1,1,1,1,1
"21946",1,1,1,1,1,1,1,1,1,1,1,1,1,1,1,1,1,1,1,1,1,1,1,1,1,1,-1,1
"21948",-1,-1,-1,-1,-1,-1,-1,-1,1,-1,1,-1,-1,-1,1,1,-1,-1,-1,1,1,1,-1,1,1,1,1,1
"21949",-1,-1,-1,-1,-1,-1,-1,-1,-1,-1,-1,-1,-1,-1,1,1,0,-1,-1,1,1,-1,-1,1,1,1,1,1
"21950",-1,-1,-1,-1,-1,-1,-1,-1,1,-1,-1,-1,-1,-1,1,1,-1,-1,-1,1,1,-1,-1,1,1,1,1,1
"21951",1,1,-1,-1,1,-1,-1,-1,1,-1,1,-1,-1,-1,1,1,-1,0,0,1,1,1,1,1,1,1,1,1
"21952",0,1,1,1,1,1,1,1,1,1,1,1,1,1,-1,1,1,1,1,1,-1,1,1,1,1,1,1,1
"21953",-1,1,-1,0,-1,-1,-1,-1,1,-1,1,-1,-1,-1,1,1,0,0,0,0,1,1,1,1,1,1,1,0
"21954",-1,-1,-1,-1,-1,-1,-1,-1,-1,-1,-1,-1,-1,-1,0,1,-1,-1,-1,1,1,-1,-1,1,1,1,1,1
"21955",-1,-1,-1,-1,-1,-1,-1,-1,-1,-1,-1,-1,-1,-1,1,1,-1,-1,-1,1,1,-1,-1,1,1,1,1,1
"21956",1,1,1,1,1,1,1,1,1,1,1,1,1,1,1,1,1,1,1,1,1,1,1,1,1,1,1,1
"21959",1,1,1,1,1,1,1,1,-1,1,1,1,1,1,-1,-1,1,1,1,-1,-1,1,1,1,1,-1,-1,1
"21961",1,1,1,1,1,1,1,1,-1,1,-1,1,1,1,-1,-1,1,1,0,-1,-1,-1,1,-1,1,-1,-1,-1
"21962",-1,1,-1,0,1,-1,-1,-1,1,-1,1,-1,-1,-1,1,1,-1,-1,-1,1,1,1,-1,1,1,1,1,1
"21964",1,1,-1,-1,-1,-1,-1,-1,1,-1,1,-1,-1,-1,1,1,-1,-1,-1,1,1,1,1,1,1,1,1,1
"21965",-1,1,-1,-1,-1,1,-1,-1,1,-1,1,-1,-1,-1,1,1,-1,-1,-1,1,1,1,1,1,1,1,1,1
"21966",1,-1,-1,-1,-1,-1,0,-1,1,-1,1,-1,-1,-1,1,1,-1,-1,-1,1,1,1,-1,1,-1,1,1,1
"21968",-1,1,-1,-1,-1,-1,-1,-1,1,-1,1,-1,-1,-1,1,1,-1,-1,-1,1,1,0,-1,1,1,1,1,1
"21969",1,1,1,1,1,1,1,1,1,1,1,1,1,1,1,1,1,1,1,-1,-1,1,1,1,1,1,1,1
"21970",1,1,1,1,1,1,1,1,1,1,1,1,1,1,1,1,1,1,1,-1,1,1,1,1,1,1,-1,1
"21971",0,0,0,0,1,1,1,1,-1,1,-1,1,1,1,-1,-1,1,1,1,-1,-1,-1,1,1,-1,0,-1,0
"21972",-1,-1,-1,-1,-1,-1,-1,-1,1,-1,1,-1,-1,-1,1,1,-1,-1,-1,1,1,1,-1,1,1,1,1,1
"21974",1,1,1,1,1,1,1,1,-1,1,1,1,1,1,-1,-1,1,1,1,-1,-1,-1,1,1,1,-1,-1,1
"21975",-1,-1,-1,-1,-1,-1,-1,-1,-1,-1,-1,-1,-1,-1,1,1,-1,-1,-1,1,1,-1,-1,0,1,1,1,1
"21977",-1,-1,-1,-1,-1,-1,-1,-1,1,-1,1,-1,-1,-1,1,1,-1,-1,-1,1,1,1,-1,1,1,1,1,1
"21978",-1,-1,-1,-1,-1,-1,-1,-1,1,-1,1,-1,-1,-1,1,1,0,-1,0,1,1,1,-1,1,0,1,0,1
"21979",-1,-1,-1,-1,-1,-1,-1,-1,1,-1,1,-1,-1,-1,1,1,-1,0,-1,1,1,1,-1,1,1,1,1,1
"21981",1,1,1,1,1,1,1,1,-1,1,1,1,1,1,-1,-1,1,1,1,0,-1,1,1,1,1,-1,0,0
"21983",-1,-1,-1,-1,-1,-1,-1,-1,1,-1,0,0,0,-1,1,1,-1,0,0,1,1,1,-1,1,0,1,0,1
"21986",1,1,1,1,1,1,1,1,-1,1,-1,1,1,1,-1,-1,1,1,1,-1,0,-1,1,1,1,-1,-1,-1
"21987",1,1,1,1,1,1,1,1,1,1,1,1,1,1,-1,-1,1,1,1,1,1,1,1,1,1,1,-1,1
"21988",1,1,1,1,1,1,1,1,1,1,1,1,1,1,1,1,1,1,1,1,1,1,1,1,1,1,1,0
"21989",1,1,1,1,1,1,1,1,-1,1,-1,1,1,1,-1,-1,1,1,0,-1,1,-1,1,1,1,-1,-1,-1
"22100",-1,-1,-1,-1,-1,-1,-1,0,1,-1,1,-1,-1,-1,1,-1,-1,-1,-1,-1,-1,1,1,1,1,1,1,1
"22101",1,1,1,1,1,1,1,1,1,1,1,1,1,1,1,1,1,1,1,1,1,1,1,1,1,1,-1,1
"22102",1,1,1,1,1,1,1,1,1,1,1,1,1,1,1,1,1,1,1,1,1,1,1,1,1,1,1,1
"22103",1,1,1,1,0,1,1,1,0,1,1,1,1,1,-1,-1,1,0,0,-1,-1,-1,1,1,1,-1,1,-1
"22105",-1,-1,-1,-1,-1,-1,0,-1,-1,-1,-1,-1,-1,-1,1,1,-1,-1,-1,1,1,-1,-1,1,1,0,0,1
"22106",-1,-1,-1,-1,0,-1,-1,-1,-1,-1,-1,-1,-1,-1,1,1,-1,-1,-1,1,1,-1,-1,1,1,1,1,1
"22107",1,1,1,1,1,1,1,1,-1,1,1,1,1,1,-1,-1,1,1,1,-1,-1,-1,1,1,1,-1,-1,1
"22108",1,1,1,1,0,1,1,1,1,1,1,1,1,1,1,-1,1,1,1,-1,-1,1,1,1,1,1,1,1
"22110",1,1,1,1,1,1,1,1,-1,1,-1,1,1,1,-1,-1,1,1,1,-1,-1,-1,1,-1,1,-1,-1,-1
"22111",1,1,1,1,1,1,1,1,-1,1,-1,1,1,1,0,-1,1,1,1,-1,-1,-1,1,1,1,-1,-1,1
"22112",1,1,1,1,1,1,1,1,-1,1,1,1,1,1,-1,-1,1,1,1,-1,-1,-1,1,1,1,1,1,0
"22113",1,1,1,1,1,1,1,1,1,1,1,1,1,1,1,1,1,1,1,1,-1,1,1,1,1,-1,1,1
"22114",1,1,1,1,1,1,1,1,-1,1,1,1,1,1,1,-1,1,1,1,-1,-1,-1,1,1,1,-1,1,1
"22115",1,1,1,1,1,1,1,1,1,1,1,1,1,1,-1,1,1,1,0,-1,1,-1,1,1,1,1,-1,1
"22116",1,1,1,1,1,1,1,1,1,1,1,1,1,1,-1,-1,1,1,1,-1,-1,1,1,1,1,1,1,1
"22117",1,1,1,1,1,-1,1,1,1,1,1,1,1,1,1,1,1,1,1,1,1,1,1,1,1,1,1,1
"22118",1,1,1,1,1,1,1,1,1,1,1,1,1,1,1,1,1,1,1,1,1,1,1,1,1,1,1,1
"22119",1,1,1,1,1,1,1,1,-1,1,1,1,1,1,-1,-1,1,1,1,-1,-1,1,1,1,1,-1,1,-1
"22120",1,1,1,1,1,1,1,1,-1,1,-1,1,1,1,-1,-1,1,1,1,-1,-1,-1,1,1,-1,-1,-1,-1
"22121",1,1,1,1,1,1,1,1,1,1,-1,1,1,1,-1,-1,1,1,1,-1,-1,-1,1,-1,-1,-1,1,0
"22122",1,1,1,1,1,1,1,1,-1,1,1,1,1,1,-1,-1,1,1,1,-1,-1,-1,1,1,1,1,-1,-1
"22124",1,1,1,1,1,1,1,1,1,1,1,1,1,1,1,1,1,0,0,1,1,1,1,1,1,1,1,1
"22125",1,1,1,1,1,1,1,1,-1,1,-1,1,1,1,-1,1,1,1,1,-1,0,1,1,1,1,1,1,1
"22126",-1,-1,-1,-1,-1,-1,-1,-1,1,-1,1,-1,-1,-1,1,1,-1,-1,-1,1,1,-1,0,0,1,1,1,1
"22129",1,1,1,1,1,1,1,1,1,1,1,1,1,1,1,1,1,1,1,1,1,1,1,1,1,1,1,1
"22130",1,1,1,1,1,1,1,1,1,1,1,1,1,1,1,1,1,1,1,1,-1,1,1,1,1,1,1,1
"22131",-1,-1,-1,0,-1,-1,-1,-1,1,-1,1,-1,-1,-1,1,1,-1,-1,-1,1,1,1,-1,1,1,1,0,1
"22132",1,1,1,1,1,1,1,1,-1,1,0,1,1,1,-1,-1,1,1,1,-1,-1,-1,1,1,1,-1,-1,-1
"22133",1,1,1,1,1,1,1,1,1,1,1,1,1,1,1,1,1,1,1,1,1,1,1,1,1,1,1,1
"22134",1,1,1,1,1,1,1,1,-1,1,1,1,1,1,-1,-1,1,1,1,-1,-1,-1,1,1,1,-1,-1,1
"22135",-1,1,-1,-1,-1,-1,-1,-1,1,-1,1,-1,-1,-1,1,1,1,-1,-1,1,1,1,-1,1,1,1,1,1
"22136",1,1,1,1,1,1,1,1,1,1,1,1,1,1,-1,1,1,1,1,1,1,1,1,1,0,1,1,1
"22138",1,1,1,1,1,1,1,1,-1,1,-1,1,1,1,-1,-1,1,1,1,-1,-1,-1,1,1,1,-1,-1,1
"22139",1,1,1,1,1,-1,1,1,1,1,1,1,0,1,1,1,1,1,0,-1,1,1,1,1,1,1,1,1
"22140",1,1,1,1,1,1,1,1,-1,1,-1,1,1,1,-1,-1,1,1,1,-1,-1,-1,1,1,1,-1,1,1
"22141",1,1,1,1,1,1,1,1,1,1,1,1,1,1,1,1,1,1,1,1,1,1,1,1,1,1,-1,1
"22142",-1,-1,-1,-1,-1,1,-1,-1,1,-1,1,-1,-1,-1,1,1,-1,-1,-1,1,1,1,-1,1,1,1,1,1
"22143",1,1,1,1,1,1,1,1,1,1,1,1,1,1,-1,1,1,1,0,-1,-1,-1,1,1,1,0,1,1
"22145",1,1,1,1,1,1,0,0,1,1,1,1,1,1,-1,-1,1,1,1,-1,1,1,1,1,1,1,1,1
"22146",1,1,1,1,1,1,1,1,1,1,1,1,1,1,1,1,1,1,1,1,-1,-1,1,1,1,1,1,1
"22147",1,1,1,1,1,1,1,1,1,1,1,1,1,1,-1,1,1,1,1,-1,1,1,1,1,1,1,1,1
"22148",1,1,1,1,1,1,1,1,-1,1,-1,1,1,1,-1,-1,1,1,1,-1,-1,-1,1,1,-1,-1,-1,-1
"22149",-1,-1,-1,-1,0,0,-1,-1,0,-1,1,-1,-1,-1,1,1,-1,-1,-1,1,1,1,-1,1,1,1,1,1
"22150",1,1,1,1,1,0,1,1,1,1,1,1,1,1,1,1,1,1,1,1,1,1,1,1,1,1,1,1
"22151",1,1,1,1,1,1,1,1,-1,1,-1,1,1,1,-1,-1,1,1,1,-1,-1,-1,1,1,-1,-1,-1,1
"22152",1,1,1,1,1,1,1,1,1,1,1,1,1,1,1,1,1,1,1,1,1,1,1,1,1,1,1,1
"22153",-1,-1,-1,-1,-1,-1,-1,-1,1,-1,1,-1,-1,-1,1,1,-1,-1,-1,1,1,0,-1,1,1,1,1,1
"22154",-1,-1,-1,-1,-1,-1,-1,-1,-1,-1,1,-1,-1,-1,1,1,-1,-1,-1,1,1,1,1,1,1,1,0,1
"22155",1,1,1,1,1,1,1,1,-1,1,1,1,1,1,-1,-1,1,1,1,-1,-1,-1,1,1,1,-1,-1,-1
"22156",-1,-1,-1,-1,-1,-1,-1,-1,-1,-1,1,-1,-1,-1,1,1,-1,-1,-1,1,1,-1,-1,1,1,1,1,1
"22157",1,1,1,1,1,1,1,1,1,1,1,1,1,1,1,1,1,1,1,1,1,1,1,1,1,1,1,1
"22158",-1,-1,-1,-1,-1,-1,-1,-1,1,-1,1,-1,-1,-1,1,1,-1,0,0,1,1,1,-1,1,1,1,1,1
"22159",-1,-1,-1,-1,-1,-1,-1,-1,-1,-1,1,-1,-1,-1,1,1,-1,-1,-1,1,1,1,-1,1,1,1,1,1
"22160",1,1,1,1,1,1,1,1,1,1,1,1,1,1,1,1,1,1,1,1,1,1,1,1,1,1,1,1
"22161",-1,-1,-1,-1,-1,-1,-1,-1,1,-1,1,-1,-1,-1,1,1,-1,-1,-1,1,1,-1,-1,1,1,1,1,1
"22162",1,1,1,1,1,1,1,1,1,1,1,1,1,1,1,1,1,1,1,1,1,-1,1,1,1,1,1,1
"22163",-1,-1,-1,-1,-1,-1,-1,-1,1,-1,1,-1,-1,-1,1,1,-1,-1,-1,1,1,-1,-1,1,1,1,1,1
"22166",1,1,1,1,1,1,1,1,1,1,1,1,1,1,1,1,1,1,1,1,1,1,1,1,1,1,1,1
"22167",1,1,1,1,1,1,1,1,-1,0,1,1,1,1,1,-1,1,1,1,-1,-1,-1,1,1,1,-1,1,1
"22168",-1,-1,-1,-1,-1,-1,1,-1,1,1,1,-1,-1,-1,0,1,1,-1,-1,1,1,1,-1,1,1,1,1,1
"22169",1,1,-1,-1,1,-1,-1,-1,1,-1,1,-1,-1,-1,1,1,-1,-1,-1,1,1,1,-1,1,1,1,1,1
"22171",1,1,1,1,1,1,1,1,1,1,1,1,1,1,-1,-1,1,1,1,-1,-1,-1,1,1,1,-1,1,1
"22300",1,1,1,1,1,1,1,1,-1,1,1,1,1,1,1,-1,1,1,1,-1,-1,-1,1,1,1,1,1,1
"22301",-1,-1,-1,-1,-1,-1,-1,-1,1,-1,1,-1,-1,-1,1,1,-1,-1,-1,1,1,-1,-1,1,1,1,1,1
"22302",1,1,1,1,1,1,1,1,1,1,1,1,1,1,-1,-1,1,1,1,-1,-1,-1,1,1,1,-1,-1,1
"22303",1,1,1,1,1,1,1,1,-1,1,-1,1,1,1,-1,-1,1,1,1,-1,-1,-1,1,-1,-1,-1,-1,-1
"22304",-1,1,-1,-1,1,-1,-1,-1,1,-1,1,-1,-1,-1,1,1,-1,-1,-1,1,1,1,-1,0,1,1,1,1
"22305",1,1,1,1,1,1,1,1,-1,1,1,1,1,1,-1,-1,1,1,1,-1,-1,-1,1,-1,1,-1,-1,-1
"22306",-1,1,-1,-1,-1,-1,-1,-1,1,-1,1,-1,1,-1,1,1,-1,-1,-1,1,1,1,1,1,1,1,1,1
"22307",-1,-1,-1,-1,-1,-1,-1,-1,-1,-1,1,-1,-1,-1,1,1,-1,-1,-1,1,1,-1,-1,1,1,1,1,1
"22308",1,1,1,1,1,1,1,1,1,1,1,1,1,1,1,1,1,1,1,1,1,1,1,1,1,1,1,1
"22309",1,1,1,1,1,1,1,1,1,1,1,1,1,1,1,1,1,1,1,1,1,1,1,1,1,1,1,1
"22310",1,1,1,1,1,1,1,1,-1,1,1,1,1,1,-1,-1,1,1,1,-1,-1,-1,1,-1,1,-1,-1,1
"22311",1,1,1,1,1,1,1,1,-1,1,-1,1,1,1,-1,-1,1,1,1,-1,-1,-1,1,1,-1,-1,-1,-1
"22312",-1,-1,-1,-1,-1,-1,-1,-1,-1,-1,1,-1,-1,-1,1,1,-1,-1,-1,1,1,1,-1,1,1,1,1,0
"22313",1,1,1,1,1,-1,1,1,1,0,1,1,1,1,1,1,1,1,1,1,1,1,1,1,1,1,1,1
"22314",1,1,-1,1,1,1,-1,-1,1,-1,1,-1,-1,-1,1,1,-1,1,1,1,1,1,1,1,1,1,1,1
"22315",0,1,1,1,1,1,1,1,1,1,1,1,1,1,1,1,1,1,1,1,1,1,1,1,1,1,1,1
"22316",-1,-1,-1,-1,-1,1,-1,-1,1,-1,1,-1,-1,-1,1,1,-1,-1,-1,1,1,-1,-1,1,1,1,1,1
"22317",1,1,1,1,1,1,1,1,1,1,1,1,1,1,1,1,1,1,1,1,1,1,1,1,1,1,1,1
"22318",1,1,1,1,1,1,1,1,1,1,1,1,1,1,1,1,1,1,1,1,0,1,1,1,1,1,-1,1
"22319",1,1,1,1,1,1,1,1,1,1,1,1,1,1,-1,0,1,1,1,-1,-1,1,1,1,1,-1,1,1
"22320",-1,-1,-1,-1,-1,-1,-1,-1,1,-1,1,-1,-1,-1,1,1,-1,-1,-1,1,1,-1,0,0,1,1,1,1
"22321",-1,-1,-1,-1,-1,-1,-1,-1,1,-1,-1,-1,-1,-1,1,1,-1,-1,-1,1,1,-1,-1,1,1,1,1,1
"22322",1,1,1,1,1,1,1,1,-1,1,1,1,1,1,-1,-1,1,1,1,-1,-1,-1,1,1,1,-1,-1,1
"22323",-1,-1,-1,-1,-1,-1,-1,-1,1,-1,1,-1,-1,-1,1,1,-1,-1,-1,1,1,-1,-1,1,1,1,1,1
"22324",-1,-1,-1,-1,-1,-1,-1,-1,-1,-1,1,-1,-1,-1,1,1,-1,-1,-1,1,1,1,-1,1,1,1,1,1
"22325",1,1,1,1,1,1,1,1,-1,1,1,1,1,1,-1,-1,1,1,1,-1,-1,-1,0,0,1,-1,1,1
"22326",1,1,1,1,1,1,1,1,1,1,1,1,1,1,1,-1,1,1,1,-1,-1,1,1,1,1,1,1,1
"22327",-1,-1,-1,-1,-1,-1,-1,-1,-1,-1,1,-1,-1,-1,1,1,-1,-1,-1,1,1,-1,-1,1,1,1,1,1
"22328",1,0,1,1,1,0,1,1,-1,1,1,1,1,1,-1,-1,1,1,1,-1,-1,-1,1,1,1,0,-1,-1
"22329",-1,-1,-1,-1,-1,-1,-1,-1,1,-1,1,-1,-1,-1,1,1,-1,-1,-1,1,1,1,-1,1,1,1,1,1
"22330",-1,-1,-1,-1,-1,-1,-1,-1,1,-1,1,-1,-1,-1,1,1,-1,-1,-1,1,1,-1,-1,1,-1,1,1,1
"22331",-1,-1,-1,-1,-1,-1,-1,-1,1,-1,1,-1,-1,-1,1,1,-1,-1,-1,1,1,1,-1,1,1,1,1,1
"22332",1,1,1,1,1,1,1,1,1,1,1,1,1,1,1,1,1,1,1,1,1,1,1,1,1,1,1,1
"22333",-1,-1,-1,-1,-1,-1,-1,-1,-1,-1,-1,-1,-1,-1,1,1,-1,-1,-1,1,1,1,-1,1,1,1,0,1
"22334",1,1,1,1,1,1,1,1,1,-1,1,1,1,1,1,1,1,1,1,1,1,1,1,1,1,1,1,1
"22335",1,1,1,1,1,1,1,1,1,1,1,1,1,1,1,1,1,1,1,1,1,1,1,1,1,1,1,1
"22336",1,1,1,1,1,1,1,1,1,1,1,1,1,1,1,1,1,1,1,1,1,1,1,1,1,1,1,1
"22337",1,1,1,1,1,-1,1,1,1,1,1,1,1,1,1,1,1,1,1,1,1,1,1,1,1,1,1,1
"22338",-1,1,-1,-1,-1,-1,-1,-1,1,-1,1,-1,-1,-1,1,1,-1,-1,-1,1,1,1,0,0,1,1,1,1
"22339",1,1,1,1,1,1,1,1,1,1,1,1,1,1,1,1,1,0,0,1,1,-1,1,1,1,1,1,1
"22340",1,1,1,1,1,-1,1,1,1,1,1,1,1,1,1,1,1,1,1,1,1,1,1,1,1,1,1,1
"22341",1,1,1,1,1,1,1,1,1,1,1,1,1,1,1,1,1,1,1,1,1,1,1,1,1,-1,1,1
"22342",-1,-1,-1,-1,-1,-1,-1,-1,-1,-1,-1,-1,-1,-1,1,1,-1,-1,-1,1,1,-1,-1,1,1,1,1,1
"22343",1,1,1,1,1,1,1,0,-1,1,-1,1,1,1,0,-1,1,1,1,-1,-1,-1,0,0,-1,-1,1,1
"22344",1,1,1,1,1,1,1,1,-1,1,1,1,1,1,-1,-1,1,1,1,-1,-1,-1,1,1,1,-1,1,1
"22345",-1,-1,-1,-1,-1,-1,-1,-1,1,-1,1,-1,-1,-1,1,1,-1,-1,-1,1,1,1,0,0,0,1,1,1
"22346",1,1,1,1,1,1,1,1,-1,1,1,1,1,1,-1,-1,1,1,1,-1,-1,-1,1,1,1,-1,-1,-1
"22347",-1,-1,-1,-1,-1,-1,-1,-1,1,-1,1,-1,-1,-1,1,1,-1,-1,-1,1,1,1,-1,1,1,1,1,1
"22348",-1,-1,-1,-1,-1,-1,-1,-1,1,-1,1,-1,-1,-1,1,1,-1,-1,-1,1,1,1,-1,1,1,1,1,1
"22349",1,1,1,1,1,1,1,1,1,1,1,1,1,1,1,-1,1,1,1,-1,1,1,1,1,1,-1,1,1
"22350",1,1,1,1,1,1,1,1,-1,1,1,1,1,1,-1,-1,1,0,1,-1,-1,-1,1,1,1,-1,1,-1
"22351",1,1,1,1,1,-1,1,1,1,1,1,1,1,1,1,1,1,1,1,1,1,1,1,1,1,1,1,1
"22352",1,1,1,1,1,1,1,1,-1,1,1,1,1,1,-1,-1,1,1,1,-1,-1,1,1,1,1,-1,-1,1
"22353",1,1,-1,-1,-1,-1,-1,-1,1,-1,1,-1,-1,-1,1,1,-1,-1,-1,1,1,1,1,1,1,1,1,1
"22354",-1,-1,-1,-1,-1,-1,-1,-1,1,-1,-1,-1,-1,-1,1,0,-1,-1,-1,1,1,1,-1,1,1,1,1,1
"22355",-1,1,-1,-1,1,-1,-1,-1,1,-1,1,-1,-1,-1,1,1,-1,-1,-1,1,1,1,1,1,1,1,1,1
"22356",1,1,1,1,1,1,1,1,1,1,1,1,1,1,1,1,1,0,0,1,1,1,1,1,1,1,1,1
"22357",1,1,1,1,1,1,1,0,-1,1,-1,1,1,1,-1,-1,1,1,1,0,-1,-1,1,1,-1,-1,-1,-1
"22358",1,1,-1,-1,1,1,-1,1,1,-1,1,-1,-1,-1,1,1,1,-1,-1,1,1,1,-1,1,1,1,1,1
"22359",-1,1,-1,-1,-1,-1,-1,-1,1,-1,1,-1,-1,-1,1,1,-1,-1,-1,1,1,1,-1,1,1,1,1,1
"22360",-1,-1,-1,-1,-1,-1,-1,-1,-1,-1,-1,-1,-1,-1,1,1,-1,-1,-1,1,1,-1,-1,1,1,1,1,1
"22361",-1,1,-1,-1,-1,-1,-1,-1,1,-1,1,-1,-1,-1,1,1,-1,-1,-1,1,0,-1,-1,1,1,1,1,1
"22362",1,1,1,1,1,1,1,1,-1,1,-1,1,1,1,1,-1,0,0,0,0,0,0,0,0,0,0,0,0
"22363",-1,-1,-1,-1,-1,-1,-1,-1,1,-1,1,-1,-1,-1,1,1,-1,-1,0,1,1,1,-1,1,1,1,1,1
"22364",1,1,1,1,1,1,1,1,-1,1,1,1,1,1,-1,-1,1,1,1,-1,-1,-1,1,1,1,-1,-1,-1
"22365",-1,1,-1,-1,1,-1,-1,-1,1,-1,1,-1,-1,-1,1,1,-1,-1,-1,1,1,1,-1,1,1,1,1,1
"22366",1,1,1,1,0,1,1,1,-1,1,1,1,1,1,1,1,1,1,1,1,1,1,1,1,1,1,1,1
"22367",-1,-1,-1,-1,-1,-1,-1,-1,1,-1,1,-1,-1,-1,1,1,-1,-1,-1,1,1,1,-1,1,1,1,1,1
"22368",-1,-1,-1,-1,-1,-1,-1,-1,1,-1,1,-1,-1,-1,1,1,-1,-1,-1,1,1,1,-1,1,1,1,1,1
"22369",-1,-1,-1,-1,-1,-1,-1,-1,1,-1,1,-1,-1,-1,1,1,-1,-1,-1,1,1,1,0,0,1,1,1,1
"22370",1,1,1,1,1,1,1,1,1,1,1,1,1,1,1,1,1,1,1,-1,1,-1,1,1,1,-1,1,1
"22371",-1,-1,-1,-1,0,-1,-1,-1,1,-1,1,-1,1,-1,1,1,-1,-1,-1,1,1,1,-1,1,1,1,1,1
"22372",1,1,1,1,1,1,1,1,1,1,1,0,0,0,1,1,1,1,1,1,1,1,1,1,1,1,1,1
"22374",0,0,0,-1,-1,-1,-1,-1,1,-1,1,-1,-1,-1,1,1,-1,-1,-1,1,1,1,-1,1,-1,1,1,1
"22375",0,0,0,0,0,0,0,0,0,0,0,0,0,0,0,1,-1,-1,-1,1,1,1,-1,1,1,1,1,1
"22376",0,0,0,0,0,0,0,0,0,0,0,0,0,0,0,0,1,1,1,-1,-1,1,1,1,1,1,1,1
"22377",0,0,0,0,0,0,0,0,0,0,0,0,0,0,0,0,0,0,0,0,0,0,-1,1,1,1,1,1
"22378",0,0,0,0,0,0,0,0,0,0,0,0,0,0,0,0,0,0,0,0,0,0,0,0,0,1,1,1
"22379",0,0,0,0,0,0,0,0,0,0,0,0,0,0,0,0,0,0,0,0,0,0,0,0,0,1,1,1
"22380",0,0,0,0,0,0,0,0,0,0,0,0,0,0,0,0,0,0,0,0,0,0,0,0,0,-1,-1,-1
"22381",0,0,0,0,0,0,0,0,0,0,0,0,0,0,0,0,0,0,0,0,0,0,0,0,0,1,1,1
"22382",0,0,0,0,0,0,0,0,0,0,0,0,0,0,0,0,0,0,0,0,0,0,0,0,0,0,0,1
"22383",0,0,0,0,0,0,0,0,0,0,0,0,0,0,0,0,0,0,0,0,0,0,0,0,0,0,0,1
"29106",-1,-1,-1,-1,-1,-1,-1,-1,1,-1,-1,-1,-1,-1,1,1,-1,-1,-1,1,1,-1,-1,1,1,1,1,1
"29109",-1,-1,-1,-1,-1,-1,-1,-1,-1,-1,1,-1,-1,-1,1,1,-1,-1,-1,1,1,1,-1,1,1,1,1,1
"29312",-1,-1,-1,-1,-1,-1,-1,-1,1,-1,-1,-1,-1,-1,1,1,-1,-1,-1,1,1,1,-1,1,1,1,1,1
"29323",1,1,1,1,1,1,1,1,1,1,1,1,1,1,1,1,1,1,1,1,1,1,1,1,1,1,1,1
"29339",-1,-1,-1,1,-1,-1,-1,-1,1,-1,1,-1,-1,-1,1,1,-1,-1,-1,1,1,1,-1,1,1,1,1,1
"29368",-1,-1,-1,-1,-1,-1,0,-1,1,-1,1,-1,-1,-1,1,1,-1,-1,0,1,1,1,0,0,1,1,1,1
"29377",-1,-1,-1,-1,-1,-1,-1,-1,-1,-1,-1,-1,-1,-1,1,1,-1,-1,-1,1,1,-1,-1,1,1,1,1,1
"29378",-1,-1,-1,-1,-1,-1,-1,-1,-1,-1,-1,-1,-1,-1,1,1,-1,-1,-1,1,1,-1,-1,1,1,1,1,1
"29393",1,1,1,1,1,1,1,1,1,1,1,1,1,1,1,1,1,1,1,1,1,1,1,1,1,1,1,1
"29504",-1,-1,0,-1,-1,-1,-1,-1,1,-1,1,-1,-1,-1,1,1,-1,-1,-1,1,1,-1,-1,1,1,1,1,1
"29571",-1,-1,-1,-1,-1,-1,-1,-1,1,-1,1,-1,-1,-1,1,1,-1,-1,0,1,1,-1,-1,-1,1,1,-1,1
"29573",0,-1,-1,-1,-1,-1,-1,-1,1,-1,1,-1,-1,-1,1,1,0,-1,-1,1,1,0,0,0,0,0,0,0
"29588",-1,-1,-1,-1,-1,-1,-1,-1,1,-1,1,-1,-1,-1,1,1,-1,-1,0,1,1,-1,-1,1,1,1,1,0
"29701",1,1,1,1,0,1,1,1,1,1,1,1,1,1,-1,1,1,1,1,1,1,1,1,1,1,1,1,1
"29707",-1,-1,-1,-1,-1,-1,-1,-1,1,-1,1,-1,-1,-1,1,1,-1,-1,-1,1,1,-1,-1,1,1,1,1,1
"29710",-1,-1,-1,-1,-1,-1,-1,-1,1,-1,1,-1,-1,-1,1,1,-1,-1,-1,1,1,-1,-1,1,1,1,1,1
"29717",-1,-1,0,-1,-1,-1,-1,-1,1,-1,1,-1,-1,-1,1,1,-1,-1,0,1,1,-1,-1,1,1,1,1,1
"29729",-1,-1,-1,-1,-1,-1,-1,-1,-1,-1,-1,-1,-1,-1,1,1,-1,-1,-1,1,1,-1,-1,1,1,1,1,1
"29741",-1,-1,-1,-1,-1,1,-1,-1,1,-1,-1,-1,-1,-1,1,1,-1,-1,-1,1,1,1,-1,1,1,0,0,0
"29759",1,1,1,1,1,1,1,1,-1,1,1,1,1,1,1,1,1,1,1,-1,1,1,0,0,1,1,1,1
"29762",1,1,1,1,1,1,1,1,1,1,0,1,1,1,1,1,1,1,0,1,1,1,0,0,0,0,0,0
"29768",-1,-1,-1,-1,-1,-1,-1,-1,1,-1,1,-1,-1,-1,1,1,-1,-1,-1,1,1,1,-1,1,1,1,1,1
"29776",-1,-1,-1,-1,-1,-1,-1,-1,1,-1,1,-1,-1,-1,1,1,-1,-1,0,1,1,1,-1,1,0,1,1,1
"29778",-1,-1,-1,-1,0,-1,-1,-1,-1,-1,1,-1,-1,-1,1,1,-1,-1,-1,1,1,-1,-1,1,1,1,1,1
"29901",-1,1,-1,-1,-1,-1,-1,-1,1,-1,1,-1,-1,-1,1,1,-1,-1,-1,1,1,1,-1,1,1,1,1,1
"29903",-1,-1,-1,-1,-1,-1,0,0,1,-1,1,-1,-1,-1,1,1,-1,-1,-1,1,1,-1,-1,1,1,1,1,0
"29908",-1,0,-1,-1,-1,-1,-1,-1,-1,-1,1,-1,-1,-1,1,1,-1,-1,-1,1,1,1,-1,1,1,1,-1,1
"29910",1,1,1,1,1,1,0,0,1,1,1,1,1,1,1,1,1,1,1,1,1,1,1,1,1,1,1,1
"29911",-1,-1,-1,-1,-1,-1,-1,-1,-1,-1,1,-1,-1,-1,1,1,-1,-1,-1,1,1,-1,-1,1,1,1,1,1
"31101",-1,-1,-1,-1,-1,-1,-1,-1,1,-1,1,-1,-1,-1,1,1,-1,-1,-1,1,1,-1,-1,1,1,1,1,1
"31102",1,1,1,1,1,-1,1,1,1,1,-1,1,1,1,-1,-1,1,1,1,-1,-1,-1,1,-1,-1,-1,1,-1
"31103",-1,-1,-1,-1,-1,-1,-1,-1,1,-1,0,-1,-1,-1,1,1,-1,-1,-1,1,1,0,0,0,0,0,0,0
"39301",-1,-1,-1,-1,-1,-1,-1,-1,1,-1,1,-1,-1,-1,1,1,-1,-1,-1,1,1,1,-1,1,1,1,1,0
"39307",-1,-1,-1,-1,-1,0,-1,-1,-1,-1,1,-1,-1,-1,1,1,-1,-1,-1,1,1,-1,-1,1,-1,1,1,1
"91980",1,1,1,1,1,1,1,1,-1,1,1,1,1,1,-1,-1,1,1,1,-1,-1,-1,1,1,1,-1,1,1
