congress,chamber,rollnumber,icpsr,cast_code,prob
113,Senate,4,14009,1,63.5
113,Senate,4,14203,1,100.0
113,Senate,4,14226,6,69.8
113,Senate,4,14230,1,100.0
113,Senate,4,14307,1,100.0
113,Senate,4,14440,1,100.0
113,Senate,4,14503,6,74.6
113,Senate,4,14651,1,100.0
113,Senate,4,14709,1,100.0
113,Senate,4,14806,6,83.3
113,Senate,4,14852,6,86.4
113,Senate,4,14858,1,100.0
113,Senate,4,14871,1,100.0
113,Senate,4,14914,1,100.0
113,Senate,4,14920,1,100.0
113,Senate,4,14921,6,79.3
113,Senate,4,14922,1,100.0
113,Senate,4,15011,1,100.0
113,Senate,4,15015,1,100.0
113,Senate,4,15021,1,100.0
113,Senate,4,15039,6,95.8
113,Senate,4,15054,1,100.0
113,Senate,4,15408,1,100.0
113,Senate,4,15424,6,97.9
113,Senate,4,15425,1,100.0
113,Senate,4,20100,6,100.0
113,Senate,4,20101,6,70.3
113,Senate,4,20115,6,72.9
113,Senate,4,20707,1,100.0
113,Senate,4,20713,1,100.0
113,Senate,4,20717,1,100.0
113,Senate,4,20730,1,1.3
113,Senate,4,20735,1,100.0
113,Senate,4,20930,1,100.0
113,Senate,4,21173,6,99.6
113,Senate,4,29142,1,100.0
113,Senate,4,29147,1,100.0
113,Senate,4,29345,6,89.0
113,Senate,4,29373,1,100.0
113,Senate,4,29386,6,81.4
113,Senate,4,29389,1,100.0
113,Senate,4,29512,6,75.8
113,Senate,4,29534,1,45.8
113,Senate,4,29548,6,89.8
113,Senate,4,29555,6,100.0
113,Senate,4,29566,6,83.2
113,Senate,4,29722,6,72.5
113,Senate,4,29732,1,100.0
113,Senate,4,29735,6,69.8
113,Senate,4,29754,6,77.1
113,Senate,4,29906,1,100.0
113,Senate,4,29909,6,80.6
113,Senate,4,29918,1,13.6
113,Senate,4,29924,1,100.0
113,Senate,4,29935,6,100.0
113,Senate,4,29940,1,100.0
113,Senate,4,39310,1,100.0
113,Senate,4,40300,1,76.5
113,Senate,4,40301,1,100.0
113,Senate,4,40304,1,35.8
113,Senate,4,40305,6,94.1
113,Senate,4,40700,1,100.0
113,Senate,4,40701,1,100.0
113,Senate,4,40702,1,100.0
113,Senate,4,40703,1,100.0
113,Senate,4,40704,1,100.0
113,Senate,4,40705,6,91.5
113,Senate,4,40707,6,95.2
113,Senate,4,40900,1,100.0
113,Senate,4,40902,6,91.9
113,Senate,4,40904,1,100.0
113,Senate,4,40905,6,61.5
113,Senate,4,40906,1,100.0
113,Senate,4,40907,1,100.0
113,Senate,4,40908,1,100.0
113,Senate,4,40909,1,100.0
113,Senate,4,40910,1,100.0
113,Senate,4,40915,1,100.0
113,Senate,4,40916,1,100.0
113,Senate,4,41101,1,100.0
113,Senate,4,41102,6,99.8
113,Senate,4,41104,6,100.0
113,Senate,4,41106,6,91.7
113,Senate,4,41107,1,43.8
113,Senate,4,41110,6,100.0
113,Senate,4,41111,6,99.9
113,Senate,4,41112,1,100.0
113,Senate,4,41300,9,100.0
113,Senate,4,41301,1,100.0
113,Senate,4,41302,6,79.0
113,Senate,4,41303,1,100.0
113,Senate,4,41304,6,100.0
113,Senate,4,41305,1,100.0
113,Senate,4,49300,1,100.0
113,Senate,4,49308,9,100.0
113,Senate,4,49700,6,96.8
113,Senate,4,49702,1,100.0
113,Senate,4,49703,1,90.1
113,Senate,4,49706,6,95.5
113,Senate,4,94659,1,35.9
113,Senate,4,99911,1,100.0
113,Senate,11,14009,1,55.3
113,Senate,11,14203,1,99.2
113,Senate,11,14226,6,62.4
113,Senate,11,14230,1,99.9
113,Senate,11,14307,1,99.7
113,Senate,11,14440,1,99.7
113,Senate,11,14503,6,67.3
113,Senate,11,14651,1,98.1
113,Senate,11,14709,1,99.7
113,Senate,11,14806,6,64.1
113,Senate,11,14852,6,73.6
113,Senate,11,14858,1,99.8
113,Senate,11,14871,1,99.8
113,Senate,11,14914,1,99.9
113,Senate,11,14920,9,99.8
113,Senate,11,14921,6,71.8
113,Senate,11,14922,1,99.2
113,Senate,11,15011,1,99.8
113,Senate,11,15015,1,99.5
113,Senate,11,15021,1,99.8
113,Senate,11,15039,1,38.3
113,Senate,11,15054,1,98.9
113,Senate,11,15408,1,99.7
113,Senate,11,15424,6,92.7
113,Senate,11,15425,1,99.1
113,Senate,11,20100,6,99.8
113,Senate,11,20101,6,76.8
113,Senate,11,20115,6,32.3
113,Senate,11,20707,1,99.7
113,Senate,11,20713,1,99.6
113,Senate,11,20717,1,96.4
113,Senate,11,20730,1,18.4
113,Senate,11,20735,1,99.8
113,Senate,11,20930,1,99.5
113,Senate,11,21173,6,96.8
113,Senate,11,29142,1,99.7
113,Senate,11,29147,1,99.7
113,Senate,11,29345,6,87.7
113,Senate,11,29373,1,99.7
113,Senate,11,29386,6,63.2
113,Senate,11,29389,1,99.6
113,Senate,11,29512,6,76.2
113,Senate,11,29534,1,32.4
113,Senate,11,29548,6,78.0
113,Senate,11,29555,6,99.3
113,Senate,11,29566,1,38.3
113,Senate,11,29722,6,74.6
113,Senate,11,29732,1,99.6
113,Senate,11,29735,1,28.6
113,Senate,11,29754,1,22.2
113,Senate,11,29906,1,99.5
113,Senate,11,29909,6,71.6
113,Senate,11,29918,6,86.4
113,Senate,11,29924,1,99.3
113,Senate,11,29935,6,97.0
113,Senate,11,29940,1,99.6
113,Senate,11,39310,1,99.8
113,Senate,11,40300,1,78.9
113,Senate,11,40301,1,97.5
113,Senate,11,40304,6,51.4
113,Senate,11,40305,6,83.9
113,Senate,11,40700,1,99.8
113,Senate,11,40701,1,98.8
113,Senate,11,40702,1,98.9
113,Senate,11,40703,1,99.2
113,Senate,11,40704,1,99.7
113,Senate,11,40705,6,68.0
113,Senate,11,40707,6,91.3
113,Senate,11,40900,1,99.0
113,Senate,11,40902,6,91.4
113,Senate,11,40904,1,99.7
113,Senate,11,40905,6,70.3
113,Senate,11,40906,1,99.5
113,Senate,11,40907,1,98.4
113,Senate,11,40908,1,99.9
113,Senate,11,40909,1,99.3
113,Senate,11,40910,1,99.6
113,Senate,11,40915,6,5.1
113,Senate,11,40916,1,99.6
113,Senate,11,41101,1,99.7
113,Senate,11,41102,6,96.6
113,Senate,11,41104,6,99.8
113,Senate,11,41106,1,46.4
113,Senate,11,41107,1,27.9
113,Senate,11,41110,6,99.8
113,Senate,11,41111,6,97.4
113,Senate,11,41112,1,99.6
113,Senate,11,41300,1,99.4
113,Senate,11,41301,1,99.0
113,Senate,11,41302,6,81.9
113,Senate,11,41303,1,96.7
113,Senate,11,41304,6,99.4
113,Senate,11,41305,1,99.5
113,Senate,11,49300,1,99.6
113,Senate,11,49308,9,99.8
113,Senate,11,49700,6,92.3
113,Senate,11,49702,1,97.6
113,Senate,11,49703,1,91.7
113,Senate,11,49706,6,91.7
113,Senate,11,94659,1,21.0
113,Senate,11,99911,9,99.7
113,Senate,19,14009,1,75.3
113,Senate,19,14203,1,99.7
113,Senate,19,14226,6,32.4
113,Senate,19,14230,1,100.0
113,Senate,19,14307,1,100.0
113,Senate,19,14440,1,100.0
113,Senate,19,14503,6,35.4
113,Senate,19,14651,1,98.8
113,Senate,19,14709,1,100.0
113,Senate,19,14806,1,68.5
113,Senate,19,14852,6,38.4
113,Senate,19,14858,1,100.0
113,Senate,19,14871,1,100.0
113,Senate,19,14914,1,100.0
113,Senate,19,14921,6,38.3
113,Senate,19,14922,1,99.9
113,Senate,19,15011,1,100.0
113,Senate,19,15015,1,99.8
113,Senate,19,15021,1,100.0
113,Senate,19,15039,1,72.5
113,Senate,19,15054,1,99.7
113,Senate,19,15408,1,100.0
113,Senate,19,15424,6,59.1
113,Senate,19,15425,1,99.7
113,Senate,19,20100,1,8.6
113,Senate,19,20101,6,45.3
113,Senate,19,20115,1,85.3
113,Senate,19,20707,1,100.0
113,Senate,19,20713,1,100.0
113,Senate,19,20717,1,96.8
113,Senate,19,20730,1,58.9
113,Senate,19,20735,1,100.0
113,Senate,19,20930,1,100.0
113,Senate,19,21173,6,69.3
113,Senate,19,29142,1,100.0
113,Senate,19,29147,1,100.0
113,Senate,19,29345,1,45.4
113,Senate,19,29373,1,100.0
113,Senate,19,29386,1,68.7
113,Senate,19,29389,1,100.0
113,Senate,19,29512,1,56.7
113,Senate,19,29534,1,60.7
113,Senate,19,29548,1,58.3
113,Senate,19,29555,6,86.7
113,Senate,19,29566,6,29.9
113,Senate,19,29722,1,57.7
113,Senate,19,29732,1,100.0
113,Senate,19,29735,6,39.8
113,Senate,19,29754,6,44.7
113,Senate,19,29906,1,100.0
113,Senate,19,29909,1,62.1
113,Senate,19,29918,1,46.4
113,Senate,19,29924,1,100.0
113,Senate,19,29935,1,33.9
113,Senate,19,29940,1,100.0
113,Senate,19,39310,1,100.0
113,Senate,19,40300,1,88.3
113,Senate,19,40301,1,98.2
113,Senate,19,40304,1,74.2
113,Senate,19,40305,6,46.7
113,Senate,19,40700,1,100.0
113,Senate,19,40701,1,99.3
113,Senate,19,40702,1,99.5
113,Senate,19,40703,1,99.9
113,Senate,19,40704,1,100.0
113,Senate,19,40705,1,67.2
113,Senate,19,40707,6,58.5
113,Senate,19,40900,1,99.7
113,Senate,19,40902,6,60.9
113,Senate,19,40904,1,100.0
113,Senate,19,40905,6,40.4
113,Senate,19,40906,1,99.9
113,Senate,19,40907,1,99.1
113,Senate,19,40908,1,100.0
113,Senate,19,40909,1,99.8
113,Senate,19,40910,1,99.9
113,Senate,19,40915,1,95.2
113,Senate,19,40916,1,99.9
113,Senate,19,41101,1,100.0
113,Senate,19,41102,6,66.4
113,Senate,19,41104,6,94.0
113,Senate,19,41106,1,76.2
113,Senate,19,41107,1,56.7
113,Senate,19,41110,6,94.0
113,Senate,19,41111,6,70.1
113,Senate,19,41112,1,100.0
113,Senate,19,41300,1,99.8
113,Senate,19,41301,1,100.0
113,Senate,19,41302,1,50.7
113,Senate,19,41303,1,97.1
113,Senate,19,41304,6,86.2
113,Senate,19,41305,1,99.9
113,Senate,19,41306,1,100.0
113,Senate,19,49300,1,100.0
113,Senate,19,49308,1,100.0
113,Senate,19,49700,6,59.3
113,Senate,19,49702,1,98.4
113,Senate,19,49703,1,95.1
113,Senate,19,49706,6,59.2
113,Senate,19,94659,1,50.3
113,Senate,19,99911,1,100.0
113,Senate,44,14009,1,72.6
113,Senate,44,14203,1,99.4
113,Senate,44,14226,6,43.3
113,Senate,44,14230,1,99.3
113,Senate,44,14307,1,99.6
113,Senate,44,14440,1,99.6
113,Senate,44,14503,1,54.6
113,Senate,44,14651,1,99.3
113,Senate,44,14709,1,99.7
113,Senate,44,14806,1,45.3
113,Senate,44,14852,6,54.8
113,Senate,44,14858,1,99.5
113,Senate,44,14871,1,99.3
113,Senate,44,14914,9,99.3
113,Senate,44,14921,1,52.1
113,Senate,44,14922,1,99.6
113,Senate,44,15011,1,99.6
113,Senate,44,15015,1,98.9
113,Senate,44,15021,1,99.5
113,Senate,44,15039,6,75.3
113,Senate,44,15054,1,99.6
113,Senate,44,15408,1,99.5
113,Senate,44,15424,6,69.3
113,Senate,44,15425,1,99.5
113,Senate,44,20100,6,96.9
113,Senate,44,20101,1,60.7
113,Senate,44,20115,6,57.4
113,Senate,44,20707,1,99.4
113,Senate,44,20713,1,99.7
113,Senate,44,20717,1,98.9
113,Senate,44,20730,6,79.3
113,Senate,44,20735,1,99.6
113,Senate,44,20930,1,99.6
113,Senate,44,21173,6,78.2
113,Senate,44,29142,1,99.6
113,Senate,44,29147,1,99.6
113,Senate,44,29345,6,52.6
113,Senate,44,29373,1,99.6
113,Senate,44,29386,6,53.1
113,Senate,44,29389,1,99.7
113,Senate,44,29512,1,56.4
113,Senate,44,29534,1,68.1
113,Senate,44,29548,6,57.5
113,Senate,44,29555,6,86.3
113,Senate,44,29566,6,55.5
113,Senate,44,29722,6,41.5
113,Senate,44,29732,1,99.6
113,Senate,44,29735,1,59.5
113,Senate,44,29754,1,55.9
113,Senate,44,29906,1,99.7
113,Senate,44,29909,1,50.8
113,Senate,44,29918,6,50.0
113,Senate,44,29924,1,99.7
113,Senate,44,29935,6,90.0
113,Senate,44,29940,1,99.7
113,Senate,44,39310,1,99.4
113,Senate,44,40300,1,73.3
113,Senate,44,40301,1,99.3
113,Senate,44,40304,1,57.2
113,Senate,44,40305,1,37.3
113,Senate,44,40700,1,99.3
113,Senate,44,40701,1,99.0
113,Senate,44,40702,6,0.6
113,Senate,44,40703,1,99.6
113,Senate,44,40704,1,99.6
113,Senate,44,40705,1,35.9
113,Senate,44,40707,1,38.5
113,Senate,44,40900,1,99.5
113,Senate,44,40902,6,55.3
113,Senate,44,40904,1,99.7
113,Senate,44,40905,1,64.6
113,Senate,44,40906,1,99.3
113,Senate,44,40907,1,99.4
113,Senate,44,40908,1,99.3
113,Senate,44,40909,1,99.3
113,Senate,44,40910,1,99.3
113,Senate,44,40915,1,98.4
113,Senate,44,40916,1,99.3
113,Senate,44,41101,1,99.7
113,Senate,44,41102,6,84.2
113,Senate,44,41104,6,96.5
113,Senate,44,41106,6,69.9
113,Senate,44,41107,1,67.9
113,Senate,44,41110,6,96.5
113,Senate,44,41111,6,84.5
113,Senate,44,41112,1,99.7
113,Senate,44,41300,1,98.9
113,Senate,44,41301,1,99.1
113,Senate,44,41302,6,44.4
113,Senate,44,41303,1,99.0
113,Senate,44,41304,6,91.5
113,Senate,44,41305,1,99.4
113,Senate,44,41306,1,99.6
113,Senate,44,49300,1,99.4
113,Senate,44,49308,1,99.6
113,Senate,44,49700,1,34.7
113,Senate,44,49702,1,99.3
113,Senate,44,49703,1,78.2
113,Senate,44,49706,6,61.9
113,Senate,44,94659,1,64.8
113,Senate,44,99911,1,99.6
113,Senate,113,14009,1,64.0
113,Senate,113,14203,6,4.5
113,Senate,113,14226,6,46.0
113,Senate,113,14230,1,65.3
113,Senate,113,14307,1,96.2
113,Senate,113,14440,1,96.2
113,Senate,113,14503,6,45.3
113,Senate,113,14651,1,99.3
113,Senate,113,14709,1,97.1
113,Senate,113,14806,1,41.5
113,Senate,113,14852,6,51.7
113,Senate,113,14858,1,79.6
113,Senate,113,14871,6,29.7
113,Senate,113,14914,9,64.4
113,Senate,113,14921,6,45.2
113,Senate,113,14922,1,99.5
113,Senate,113,15011,1,85.6
113,Senate,113,15015,1,81.6
113,Senate,113,15021,1,86.9
113,Senate,113,15039,1,18.0
113,Senate,113,15054,1,99.5
113,Senate,113,15408,1,90.8
113,Senate,113,15424,6,50.2
113,Senate,113,15425,1,98.5
113,Senate,113,20100,6,69.7
113,Senate,113,20101,1,68.6
113,Senate,113,20115,6,82.8
113,Senate,113,20707,1,87.0
113,Senate,113,20713,1,99.0
113,Senate,113,20717,1,99.2
113,Senate,113,20730,6,73.4
113,Senate,113,20735,1,92.2
113,Senate,113,20930,1,97.9
113,Senate,113,21173,6,53.2
113,Senate,113,29142,1,95.1
113,Senate,113,29147,1,90.3
113,Senate,113,29345,6,38.1
113,Senate,113,29373,1,96.2
113,Senate,113,29386,1,42.9
113,Senate,113,29389,1,98.0
113,Senate,113,29512,1,63.1
113,Senate,113,29534,1,72.1
113,Senate,113,29548,1,48.5
113,Senate,113,29555,6,54.5
113,Senate,113,29566,1,38.9
113,Senate,113,29722,9,35.6
113,Senate,113,29732,1,97.9
113,Senate,113,29735,1,63.5
113,Senate,113,29754,1,63.5
113,Senate,113,29906,1,98.8
113,Senate,113,29909,1,53.3
113,Senate,113,29918,6,36.3
113,Senate,113,29924,1,99.8
113,Senate,113,29935,6,69.1
113,Senate,113,29940,1,98.4
113,Senate,113,39310,1,76.8
113,Senate,113,40300,6,56.3
113,Senate,113,40301,1,99.8
113,Senate,113,40304,1,47.0
113,Senate,113,40305,9,52.3
113,Senate,113,40700,1,81.3
113,Senate,113,40701,1,93.0
113,Senate,113,40702,6,1.9
113,Senate,113,40703,1,99.3
113,Senate,113,40704,1,96.3
113,Senate,113,40705,1,33.7
113,Senate,113,40707,6,43.7
113,Senate,113,40900,9,98.4
113,Senate,113,40902,6,37.4
113,Senate,113,40904,1,95.9
113,Senate,113,40905,1,69.2
113,Senate,113,40906,6,9.9
113,Senate,113,40907,1,99.1
113,Senate,113,40908,6,47.3
113,Senate,113,40909,1,93.6
113,Senate,113,40910,1,88.5
113,Senate,113,40915,1,98.1
113,Senate,113,40916,1,86.4
113,Senate,113,41101,1,97.0
113,Senate,113,41102,6,61.1
113,Senate,113,41104,6,67.1
113,Senate,113,41106,6,81.3
113,Senate,113,41107,1,74.7
113,Senate,113,41110,6,67.1
113,Senate,113,41111,6,59.5
113,Senate,113,41112,1,98.1
113,Senate,113,41300,1,83.3
113,Senate,113,41301,1,97.3
113,Senate,113,41302,1,66.2
113,Senate,113,41303,1,99.0
113,Senate,113,41304,6,61.0
113,Senate,113,41305,1,92.5
113,Senate,113,41306,1,100.0
113,Senate,113,49300,1,90.1
113,Senate,113,49308,1,87.6
113,Senate,113,49700,1,53.4
113,Senate,113,49702,1,99.7
113,Senate,113,49703,1,30.8
113,Senate,113,49706,1,56.3
113,Senate,113,94659,1,75.3
113,Senate,113,99911,1,93.7
113,Senate,124,14009,1,98.6
113,Senate,124,14203,1,99.8
113,Senate,124,14226,1,93.9
113,Senate,124,14230,1,95.3
113,Senate,124,14307,6,1.0
113,Senate,124,14440,1,98.9
113,Senate,124,14503,1,93.7
113,Senate,124,14651,1,100.0
113,Senate,124,14709,1,98.8
113,Senate,124,14806,1,80.3
113,Senate,124,14852,1,85.7
113,Senate,124,14858,1,97.0
113,Senate,124,14871,1,96.3
113,Senate,124,14914,9,94.4
113,Senate,124,14921,1,93.1
113,Senate,124,14922,1,99.8
113,Senate,124,15011,1,95.7
113,Senate,124,15015,1,99.1
113,Senate,124,15021,1,98.0
113,Senate,124,15039,6,65.2
113,Senate,124,15054,1,99.9
113,Senate,124,15408,1,98.7
113,Senate,124,15424,1,72.7
113,Senate,124,15425,1,99.9
113,Senate,124,20100,6,99.9
113,Senate,124,20101,1,99.1
113,Senate,124,20115,1,57.0
113,Senate,124,20707,1,98.7
113,Senate,124,20713,1,97.7
113,Senate,124,20717,1,100.0
113,Senate,124,20730,6,66.9
113,Senate,124,20735,1,96.9
113,Senate,124,20930,1,99.5
113,Senate,124,21173,6,50.9
113,Senate,124,29142,1,98.8
113,Senate,124,29147,1,93.8
113,Senate,124,29345,1,96.0
113,Senate,124,29373,1,98.9
113,Senate,124,29386,1,82.5
113,Senate,124,29389,1,98.7
113,Senate,124,29512,1,97.6
113,Senate,124,29534,1,99.6
113,Senate,124,29548,6,16.0
113,Senate,124,29555,6,84.3
113,Senate,124,29566,1,77.5
113,Senate,124,29722,1,98.1
113,Senate,124,29732,1,99.4
113,Senate,124,29735,1,97.9
113,Senate,124,29754,1,97.7
113,Senate,124,29906,1,99.5
113,Senate,124,29909,1,91.8
113,Senate,124,29918,1,97.3
113,Senate,124,29924,1,99.3
113,Senate,124,29935,1,9.5
113,Senate,124,29940,1,97.8
113,Senate,124,39310,1,97.5
113,Senate,124,40300,9,93.3
113,Senate,124,40301,1,100.0
113,Senate,124,40304,1,90.4
113,Senate,124,40305,6,21.2
113,Senate,124,40700,1,98.3
113,Senate,124,40701,1,99.8
113,Senate,124,40702,1,99.9
113,Senate,124,40703,1,99.8
113,Senate,124,40704,1,99.1
113,Senate,124,40705,1,64.0
113,Senate,124,40707,1,88.4
113,Senate,124,40900,1,99.9
113,Senate,124,40902,1,96.0
113,Senate,124,40904,1,98.5
113,Senate,124,40905,1,99.3
113,Senate,124,40906,1,99.4
113,Senate,124,40907,1,100.0
113,Senate,124,40908,1,90.4
113,Senate,124,40909,1,99.7
113,Senate,124,40910,1,99.2
113,Senate,124,40915,1,100.0
113,Senate,124,40916,1,99.1
113,Senate,124,41101,1,98.3
113,Senate,124,41102,6,73.5
113,Senate,124,41104,6,99.9
113,Senate,124,41106,6,56.7
113,Senate,124,41107,1,99.8
113,Senate,124,41110,6,99.9
113,Senate,124,41111,6,74.5
113,Senate,124,41112,1,98.4
113,Senate,124,41300,1,99.3
113,Senate,124,41301,1,87.7
113,Senate,124,41302,1,98.5
113,Senate,124,41303,1,100.0
113,Senate,124,41304,6,96.1
113,Senate,124,41305,1,99.5
113,Senate,124,41306,1,99.6
113,Senate,124,49300,1,99.1
113,Senate,124,49308,9,97.9
113,Senate,124,49700,1,82.0
113,Senate,124,49702,1,100.0
113,Senate,124,49703,1,89.3
113,Senate,124,49706,1,88.1
113,Senate,124,94659,1,99.8
113,Senate,124,99911,9,98.7
113,Senate,145,14009,1,80.1
113,Senate,145,14203,1,99.5
113,Senate,145,14226,1,52.9
113,Senate,145,14230,1,93.3
113,Senate,145,14307,1,98.7
113,Senate,145,14440,1,98.6
113,Senate,145,14503,6,50.2
113,Senate,145,14651,1,99.9
113,Senate,145,14709,1,98.6
113,Senate,145,14806,1,31.7
113,Senate,145,14852,6,67.7
113,Senate,145,14858,1,95.7
113,Senate,145,14871,1,94.5
113,Senate,145,14921,6,54.4
113,Senate,145,14922,1,99.8
113,Senate,145,15011,1,94.9
113,Senate,145,15015,1,97.8
113,Senate,145,15021,1,97.1
113,Senate,145,15039,9,89.3
113,Senate,145,15054,1,99.9
113,Senate,145,15408,1,98.0
113,Senate,145,15424,6,90.4
113,Senate,145,15425,1,99.8
113,Senate,145,20100,6,100.0
113,Senate,145,20101,1,71.0
113,Senate,145,20115,6,71.6
113,Senate,145,20707,1,97.8
113,Senate,145,20713,1,97.9
113,Senate,145,20717,1,100.0
113,Senate,145,20730,6,94.3
113,Senate,145,20735,1,96.4
113,Senate,145,20930,1,99.3
113,Senate,145,21173,6,97.8
113,Senate,145,29142,6,1.6
113,Senate,145,29147,1,93.5
113,Senate,145,29345,6,59.9
113,Senate,145,29373,1,98.6
113,Senate,145,29386,6,65.7
113,Senate,145,29389,1,98.5
113,Senate,145,29512,1,58.5
113,Senate,145,29534,1,83.4
113,Senate,145,29548,1,27.8
113,Senate,145,29555,6,99.9
113,Senate,145,29566,1,30.4
113,Senate,145,29722,1,63.0
113,Senate,145,29732,1,99.2
113,Senate,145,29735,1,63.8
113,Senate,145,29754,6,42.0
113,Senate,145,29906,9,99.4
113,Senate,145,29909,1,42.9
113,Senate,145,29918,1,47.1
113,Senate,145,29924,1,99.5
113,Senate,145,29935,6,99.7
113,Senate,145,29940,1,97.9
113,Senate,145,39310,1,95.9
113,Senate,145,40300,9,30.2
113,Senate,145,40301,1,100.0
113,Senate,145,40304,1,50.6
113,Senate,145,40305,6,80.4
113,Senate,145,40700,1,97.0
113,Senate,145,40701,1,99.4
113,Senate,145,40702,1,99.8
113,Senate,145,40703,1,99.7
113,Senate,145,40704,6,1.2
113,Senate,145,40705,6,80.7
113,Senate,145,40707,6,79.5
113,Senate,145,40900,9,99.8
113,Senate,145,40902,6,65.6
113,Senate,145,40904,1,98.2
113,Senate,145,40905,1,76.5
113,Senate,145,40906,1,98.7
113,Senate,145,40907,1,99.9
113,Senate,145,40908,1,88.5
113,Senate,145,40909,9,99.2
113,Senate,145,40910,1,98.4
113,Senate,145,40915,9,100.0
113,Senate,145,40916,1,98.1
113,Senate,145,41101,1,98.1
113,Senate,145,41102,6,99.0
113,Senate,145,41104,9,100.0
113,Senate,145,41106,6,84.5
113,Senate,145,41107,1,86.4
113,Senate,145,41110,6,100.0
113,Senate,145,41111,6,99.3
113,Senate,145,41112,1,98.3
113,Senate,145,41300,1,98.1
113,Senate,145,41301,1,89.0
113,Senate,145,41302,1,60.4
113,Senate,145,41303,1,100.0
113,Senate,145,41304,6,100.0
113,Senate,145,41305,1,98.9
113,Senate,145,41306,1,99.8
113,Senate,145,41307,1,98.6
113,Senate,145,49300,1,98.4
113,Senate,145,49308,1,97.0
113,Senate,145,49700,6,85.7
113,Senate,145,49702,1,100.0
113,Senate,145,49703,1,69.9
113,Senate,145,49706,6,80.3
113,Senate,145,94659,6,14.3
113,Senate,145,99911,1,98.1
113,Senate,168,14009,6,44.6
113,Senate,168,14203,1,100.0
113,Senate,168,14226,6,54.4
113,Senate,168,14230,1,100.0
113,Senate,168,14307,1,100.0
113,Senate,168,14440,1,100.0
113,Senate,168,14503,1,37.6
113,Senate,168,14651,1,99.9
113,Senate,168,14709,1,100.0
113,Senate,168,14806,6,38.2
113,Senate,168,14852,6,60.3
113,Senate,168,14858,1,100.0
113,Senate,168,14871,1,100.0
113,Senate,168,14921,6,68.8
113,Senate,168,14922,1,100.0
113,Senate,168,15011,1,100.0
113,Senate,168,15015,1,100.0
113,Senate,168,15021,1,100.0
113,Senate,168,15039,1,85.4
113,Senate,168,15054,1,100.0
113,Senate,168,15408,1,100.0
113,Senate,168,15424,6,90.0
113,Senate,168,15425,1,100.0
113,Senate,168,20100,1,21.0
113,Senate,168,20101,6,94.5
113,Senate,168,20115,1,96.1
113,Senate,168,20707,1,100.0
113,Senate,168,20713,1,100.0
113,Senate,168,20717,1,98.6
113,Senate,168,20730,1,62.2
113,Senate,168,20735,1,100.0
113,Senate,168,20930,1,100.0
113,Senate,168,21173,6,93.1
113,Senate,168,29142,1,100.0
113,Senate,168,29147,1,100.0
113,Senate,168,29345,6,96.5
113,Senate,168,29373,1,100.0
113,Senate,168,29386,6,39.0
113,Senate,168,29389,1,100.0
113,Senate,168,29512,6,87.7
113,Senate,168,29534,6,90.9
113,Senate,168,29548,6,66.8
113,Senate,168,29555,6,97.0
113,Senate,168,29566,1,67.5
113,Senate,168,29722,6,87.6
113,Senate,168,29732,1,100.0
113,Senate,168,29735,6,82.8
113,Senate,168,29754,6,89.9
113,Senate,168,29906,1,100.0
113,Senate,168,29909,6,66.0
113,Senate,168,29918,6,97.0
113,Senate,168,29924,1,100.0
113,Senate,168,29935,6,70.3
113,Senate,168,29940,1,100.0
113,Senate,168,39310,1,100.0
113,Senate,168,40300,1,95.0
113,Senate,168,40301,1,99.7
113,Senate,168,40304,1,69.0
113,Senate,168,40305,6,73.8
113,Senate,168,40700,1,100.0
113,Senate,168,40701,1,100.0
113,Senate,168,40702,1,100.0
113,Senate,168,40703,1,100.0
113,Senate,168,40704,1,100.0
113,Senate,168,40705,1,67.2
113,Senate,168,40707,6,95.2
113,Senate,168,40900,1,100.0
113,Senate,168,40902,6,98.9
113,Senate,168,40904,1,100.0
113,Senate,168,40905,6,89.6
113,Senate,168,40906,1,100.0
113,Senate,168,40907,1,100.0
113,Senate,168,40908,1,100.0
113,Senate,168,40909,1,100.0
113,Senate,168,40910,1,100.0
113,Senate,168,40915,1,96.3
113,Senate,168,40916,1,100.0
113,Senate,168,41101,1,100.0
113,Senate,168,41102,1,17.6
113,Senate,168,41104,6,83.0
113,Senate,168,41106,1,88.7
113,Senate,168,41107,1,3.4
113,Senate,168,41110,6,83.0
113,Senate,168,41111,6,86.8
113,Senate,168,41112,1,100.0
113,Senate,168,41300,1,100.0
113,Senate,168,41301,1,100.0
113,Senate,168,41302,6,96.0
113,Senate,168,41303,1,99.1
113,Senate,168,41304,6,91.1
113,Senate,168,41305,1,100.0
113,Senate,168,41306,1,100.0
113,Senate,168,41307,1,33.6
113,Senate,168,49300,1,100.0
113,Senate,168,49308,1,100.0
113,Senate,168,49700,6,93.5
113,Senate,168,49702,1,99.8
113,Senate,168,49703,1,99.6
113,Senate,168,49706,6,95.5
113,Senate,168,94659,6,99.3
113,Senate,168,99911,1,100.0
113,Senate,185,14009,1,99.6
113,Senate,185,14203,1,89.9
113,Senate,185,14226,1,99.7
113,Senate,185,14230,1,59.0
113,Senate,185,14307,6,33.0
113,Senate,185,14435,6,75.6
113,Senate,185,14440,1,64.8
113,Senate,185,14503,1,99.7
113,Senate,185,14651,1,91.8
113,Senate,185,14709,1,59.8
113,Senate,185,14806,1,99.7
113,Senate,185,14852,1,99.7
113,Senate,185,14858,1,61.5
113,Senate,185,14871,1,64.7
113,Senate,185,14921,1,99.6
113,Senate,185,14922,1,77.3
113,Senate,185,15011,6,60.8
113,Senate,185,15015,1,91.6
113,Senate,185,15021,1,66.8
113,Senate,185,15039,1,99.8
113,Senate,185,15054,1,84.4
113,Senate,185,15408,6,27.1
113,Senate,185,15424,1,99.3
113,Senate,185,15425,1,86.8
113,Senate,185,20100,1,97.0
113,Senate,185,20101,1,99.3
113,Senate,185,20115,1,99.7
113,Senate,185,20707,6,21.6
113,Senate,185,20713,6,64.8
113,Senate,185,20717,1,95.2
113,Senate,185,20730,1,99.7
113,Senate,185,20735,6,57.7
113,Senate,185,20930,1,74.0
113,Senate,185,21173,1,99.0
113,Senate,185,29142,6,34.0
113,Senate,185,29147,6,79.1
113,Senate,185,29345,1,99.2
113,Senate,185,29373,6,34.3
113,Senate,185,29386,1,99.7
113,Senate,185,29389,6,46.3
113,Senate,185,29512,1,99.5
113,Senate,185,29534,1,99.4
113,Senate,185,29548,1,99.6
113,Senate,185,29555,1,97.3
113,Senate,185,29566,1,99.7
113,Senate,185,29722,1,99.5
113,Senate,185,29732,6,27.9
113,Senate,185,29735,1,99.5
113,Senate,185,29754,1,99.4
113,Senate,185,29906,1,71.3
113,Senate,185,29909,1,99.6
113,Senate,185,29918,1,99.2
113,Senate,185,29924,6,46.0
113,Senate,185,29935,1,99.3
113,Senate,185,29940,6,60.4
113,Senate,185,39310,1,72.1
113,Senate,185,40300,1,99.7
113,Senate,185,40301,1,91.2
113,Senate,185,40304,1,99.7
113,Senate,185,40305,1,99.6
113,Senate,185,40700,1,78.5
113,Senate,185,40701,9,94.6
113,Senate,185,40702,1,90.2
113,Senate,185,40703,1,79.1
113,Senate,185,40704,6,31.4
113,Senate,185,40705,1,99.7
113,Senate,185,40707,1,99.2
113,Senate,185,40900,1,88.3
113,Senate,185,40902,1,98.8
113,Senate,185,40904,1,57.7
113,Senate,185,40905,1,99.4
113,Senate,185,40906,1,88.1
113,Senate,185,40907,1,91.2
113,Senate,185,40908,1,30.0
113,Senate,185,40909,1,89.8
113,Senate,185,40910,1,85.8
113,Senate,185,40915,1,97.0
113,Senate,185,40916,1,85.8
113,Senate,185,41101,6,49.8
113,Senate,185,41102,1,99.3
113,Senate,185,41104,1,96.2
113,Senate,185,41106,1,99.8
113,Senate,185,41107,1,99.2
113,Senate,185,41110,6,3.8
113,Senate,185,41111,1,99.1
113,Senate,185,41112,1,48.1
113,Senate,185,41300,1,92.7
113,Senate,185,41301,6,95.4
113,Senate,185,41302,1,99.2
113,Senate,185,41303,1,95.2
113,Senate,185,41304,1,97.9
113,Senate,185,41305,1,86.4
113,Senate,185,41307,1,99.3
113,Senate,185,49300,1,82.1
113,Senate,185,49308,1,63.8
113,Senate,185,49700,1,99.2
113,Senate,185,49702,1,91.0
113,Senate,185,49703,1,99.4
113,Senate,185,49706,1,99.2
113,Senate,185,94659,1,98.8
113,Senate,185,99911,1,65.9
113,Senate,203,14009,1,
113,Senate,203,14203,1,
113,Senate,203,14226,1,
113,Senate,203,14230,1,
113,Senate,203,14307,1,
113,Senate,203,14435,1,
113,Senate,203,14440,1,
113,Senate,203,14503,1,
113,Senate,203,14651,1,
113,Senate,203,14709,1,
113,Senate,203,14806,1,
113,Senate,203,14852,1,
113,Senate,203,14858,1,
113,Senate,203,14871,1,
113,Senate,203,14921,1,
113,Senate,203,14922,1,
113,Senate,203,15011,1,
113,Senate,203,15015,1,
113,Senate,203,15021,1,
113,Senate,203,15039,1,
113,Senate,203,15054,1,
113,Senate,203,15408,1,
113,Senate,203,15424,1,
113,Senate,203,15425,1,
113,Senate,203,20100,1,
113,Senate,203,20101,1,
113,Senate,203,20115,1,
113,Senate,203,20707,1,
113,Senate,203,20713,1,
113,Senate,203,20717,1,
113,Senate,203,20730,1,
113,Senate,203,20735,1,
113,Senate,203,20930,1,
113,Senate,203,21173,1,
113,Senate,203,29142,1,
113,Senate,203,29147,1,
113,Senate,203,29345,1,
113,Senate,203,29373,1,
113,Senate,203,29386,1,
113,Senate,203,29389,1,
113,Senate,203,29512,1,
113,Senate,203,29534,1,
113,Senate,203,29548,1,
113,Senate,203,29555,1,
113,Senate,203,29566,1,
113,Senate,203,29722,1,
113,Senate,203,29732,1,
113,Senate,203,29735,1,
113,Senate,203,29754,1,
113,Senate,203,29906,1,
113,Senate,203,29909,1,
113,Senate,203,29918,1,
113,Senate,203,29924,1,
113,Senate,203,29935,1,
113,Senate,203,29940,1,
113,Senate,203,39310,1,
113,Senate,203,40300,1,
113,Senate,203,40301,1,
113,Senate,203,40304,1,
113,Senate,203,40305,1,
113,Senate,203,40700,1,
113,Senate,203,40701,1,
113,Senate,203,40702,1,
113,Senate,203,40703,1,
113,Senate,203,40704,1,
113,Senate,203,40705,1,
113,Senate,203,40707,1,
113,Senate,203,40900,1,
113,Senate,203,40902,1,
113,Senate,203,40904,1,
113,Senate,203,40905,1,
113,Senate,203,40906,1,
113,Senate,203,40907,1,
113,Senate,203,40908,1,
113,Senate,203,40909,1,
113,Senate,203,40910,1,
113,Senate,203,40915,1,
113,Senate,203,40916,1,
113,Senate,203,41101,1,
113,Senate,203,41102,9,
113,Senate,203,41104,1,
113,Senate,203,41106,1,
113,Senate,203,41107,1,
113,Senate,203,41110,1,
113,Senate,203,41111,1,
113,Senate,203,41112,1,
113,Senate,203,41300,1,
113,Senate,203,41301,1,
113,Senate,203,41302,1,
113,Senate,203,41303,1,
113,Senate,203,41304,6,
113,Senate,203,41305,1,
113,Senate,203,41307,1,
113,Senate,203,49300,1,
113,Senate,203,49308,1,
113,Senate,203,49700,6,
113,Senate,203,49702,1,
113,Senate,203,49703,1,
113,Senate,203,49706,1,
113,Senate,203,94659,1,
113,Senate,203,99911,1,
113,Senate,209,14009,6,99.7
113,Senate,209,14203,1,99.9
113,Senate,209,14226,6,100.0
113,Senate,209,14230,1,99.9
113,Senate,209,14307,1,100.0
113,Senate,209,14435,1,100.0
113,Senate,209,14440,1,100.0
113,Senate,209,14503,9,100.0
113,Senate,209,14651,1,100.0
113,Senate,209,14709,1,100.0
113,Senate,209,14806,6,100.0
113,Senate,209,14852,6,100.0
113,Senate,209,14858,1,100.0
113,Senate,209,14871,1,99.9
113,Senate,209,14921,6,100.0
113,Senate,209,14922,1,100.0
113,Senate,209,15011,1,100.0
113,Senate,209,15015,1,98.6
113,Senate,209,15021,1,100.0
113,Senate,209,15039,6,100.0
113,Senate,209,15054,1,100.0
113,Senate,209,15408,1,100.0
113,Senate,209,15424,6,100.0
113,Senate,209,15425,1,100.0
113,Senate,209,20100,9,100.0
113,Senate,209,20101,6,100.0
113,Senate,209,20115,6,100.0
113,Senate,209,20707,1,99.9
113,Senate,209,20713,1,100.0
113,Senate,209,20717,1,99.7
113,Senate,209,20730,6,100.0
113,Senate,209,20735,1,100.0
113,Senate,209,20930,1,100.0
113,Senate,209,21173,6,100.0
113,Senate,209,29142,1,100.0
113,Senate,209,29147,1,100.0
113,Senate,209,29345,6,100.0
113,Senate,209,29373,1,100.0
113,Senate,209,29386,6,100.0
113,Senate,209,29389,1,100.0
113,Senate,209,29512,6,100.0
113,Senate,209,29534,6,99.9
113,Senate,209,29548,6,100.0
113,Senate,209,29555,6,100.0
113,Senate,209,29566,6,100.0
113,Senate,209,29722,6,100.0
113,Senate,209,29732,1,100.0
113,Senate,209,29735,6,100.0
113,Senate,209,29754,6,100.0
113,Senate,209,29906,1,100.0
113,Senate,209,29909,6,100.0
113,Senate,209,29918,6,100.0
113,Senate,209,29924,1,100.0
113,Senate,209,29935,6,100.0
113,Senate,209,29940,1,100.0
113,Senate,209,39310,1,99.9
113,Senate,209,40300,6,99.4
113,Senate,209,40301,1,100.0
113,Senate,209,40304,6,100.0
113,Senate,209,40305,6,100.0
113,Senate,209,40700,1,99.9
113,Senate,209,40701,1,99.0
113,Senate,209,40702,1,100.0
113,Senate,209,40703,1,100.0
113,Senate,209,40704,1,100.0
113,Senate,209,40705,6,100.0
113,Senate,209,40707,6,100.0
113,Senate,209,40900,1,100.0
113,Senate,209,40902,6,100.0
113,Senate,209,40904,1,100.0
113,Senate,209,40905,6,100.0
113,Senate,209,40906,1,99.8
113,Senate,209,40907,1,100.0
113,Senate,209,40908,1,100.0
113,Senate,209,40909,1,99.8
113,Senate,209,40910,1,99.8
113,Senate,209,40915,1,97.7
113,Senate,209,40916,1,99.8
113,Senate,209,41101,1,100.0
113,Senate,209,41102,6,100.0
113,Senate,209,41104,6,100.0
113,Senate,209,41106,6,100.0
113,Senate,209,41107,6,99.9
113,Senate,209,41110,6,100.0
113,Senate,209,41111,6,100.0
113,Senate,209,41112,1,100.0
113,Senate,209,41300,1,98.4
113,Senate,209,41301,1,100.0
113,Senate,209,41302,6,100.0
113,Senate,209,41303,1,99.7
113,Senate,209,41304,6,100.0
113,Senate,209,41305,1,99.9
113,Senate,209,41307,6,90.7
113,Senate,209,49300,1,99.9
113,Senate,209,49308,1,100.0
113,Senate,209,49700,6,100.0
113,Senate,209,49702,1,100.0
113,Senate,209,49703,6,97.3
113,Senate,209,49706,6,100.0
113,Senate,209,94659,6,99.9
113,Senate,209,99911,1,100.0
113,Senate,219,14009,1,93.5
113,Senate,219,14203,1,99.9
113,Senate,219,14226,6,14.1
113,Senate,219,14230,1,100.0
113,Senate,219,14307,1,99.9
113,Senate,219,14435,1,99.8
113,Senate,219,14440,1,99.9
113,Senate,219,14503,1,82.2
113,Senate,219,14651,1,99.7
113,Senate,219,14709,1,99.9
113,Senate,219,14806,1,85.9
113,Senate,219,14852,6,22.9
113,Senate,219,14858,1,99.9
113,Senate,219,14871,1,100.0
113,Senate,219,14921,1,78.1
113,Senate,219,14922,1,99.8
113,Senate,219,15011,1,99.9
113,Senate,219,15015,1,100.0
113,Senate,219,15021,1,99.9
113,Senate,219,15039,1,88.1
113,Senate,219,15054,1,99.8
113,Senate,219,15408,1,99.9
113,Senate,219,15424,9,37.8
113,Senate,219,15425,1,99.8
113,Senate,219,20100,1,0.9
113,Senate,219,20101,1,68.1
113,Senate,219,20115,1,97.4
113,Senate,219,20707,1,99.9
113,Senate,219,20713,1,99.7
113,Senate,219,20717,1,99.5
113,Senate,219,20730,6,31.0
113,Senate,219,20735,1,99.9
113,Senate,219,20930,1,99.9
113,Senate,219,21173,6,80.5
113,Senate,219,29142,1,99.9
113,Senate,219,29147,1,99.8
113,Senate,219,29345,6,51.1
113,Senate,219,29373,1,99.9
113,Senate,219,29386,1,86.3
113,Senate,219,29389,1,99.8
113,Senate,219,29512,1,70.9
113,Senate,219,29534,1,78.4
113,Senate,219,29548,1,71.7
113,Senate,219,29555,6,96.9
113,Senate,219,29566,1,87.5
113,Senate,219,29722,1,72.7
113,Senate,219,29732,1,99.9
113,Senate,219,29735,1,76.7
113,Senate,219,29754,1,68.5
113,Senate,219,29906,1,99.8
113,Senate,219,29909,1,78.4
113,Senate,219,29918,6,48.7
113,Senate,219,29924,1,99.6
113,Senate,219,29935,6,78.6
113,Senate,219,29940,1,99.7
113,Senate,219,39310,1,100.0
113,Senate,219,40300,1,98.7
113,Senate,219,40301,1,99.5
113,Senate,219,40304,1,92.0
113,Senate,219,40305,6,37.6
113,Senate,219,40700,1,100.0
113,Senate,219,40701,1,99.9
113,Senate,219,40702,1,99.8
113,Senate,219,40703,1,99.8
113,Senate,219,40704,1,99.9
113,Senate,219,40705,1,83.6
113,Senate,219,40707,1,40.2
113,Senate,219,40900,1,99.8
113,Senate,219,40902,6,63.4
113,Senate,219,40904,1,99.9
113,Senate,219,40905,1,76.5
113,Senate,219,40906,1,99.9
113,Senate,219,40907,1,99.8
113,Senate,219,40908,1,99.9
113,Senate,219,40909,1,99.9
113,Senate,219,40910,1,99.9
113,Senate,219,40915,1,99.5
113,Senate,219,40916,1,100.0
113,Senate,219,41101,1,99.8
113,Senate,219,41102,6,77.5
113,Senate,219,41104,6,99.5
113,Senate,219,41106,1,91.9
113,Senate,219,41107,1,72.3
113,Senate,219,41110,6,99.5
113,Senate,219,41111,6,82.7
113,Senate,219,41112,1,99.8
113,Senate,219,41300,1,99.9
113,Senate,219,41301,1,98.3
113,Senate,219,41302,1,60.3
113,Senate,219,41303,1,99.6
113,Senate,219,41304,6,97.1
113,Senate,219,41305,1,99.9
113,Senate,219,41307,1,95.0
113,Senate,219,49300,1,99.9
113,Senate,219,49308,1,99.9
113,Senate,219,49700,6,61.9
113,Senate,219,49702,1,99.6
113,Senate,219,49703,1,99.7
113,Senate,219,49706,6,61.1
113,Senate,219,94659,6,39.3
113,Senate,219,99911,1,99.9
113,Senate,232,14009,6,66.5
113,Senate,232,14203,1,100.0
113,Senate,232,14226,6,71.6
113,Senate,232,14230,1,100.0
113,Senate,232,14307,1,100.0
113,Senate,232,14435,1,100.0
113,Senate,232,14440,1,100.0
113,Senate,232,14503,1,22.5
113,Senate,232,14651,1,98.4
113,Senate,232,14709,1,100.0
113,Senate,232,14806,6,55.0
113,Senate,232,14852,6,74.5
113,Senate,232,14858,1,100.0
113,Senate,232,14871,1,100.0
113,Senate,232,14921,6,81.8
113,Senate,232,14922,1,100.0
113,Senate,232,15011,1,100.0
113,Senate,232,15015,1,100.0
113,Senate,232,15021,1,100.0
113,Senate,232,15039,1,75.4
113,Senate,232,15054,1,99.9
113,Senate,232,15408,1,100.0
113,Senate,232,15424,6,93.5
113,Senate,232,15425,1,99.9
113,Senate,232,20100,1,21.1
113,Senate,232,20101,6,97.7
113,Senate,232,20115,1,90.6
113,Senate,232,20707,1,100.0
113,Senate,232,20713,1,100.0
113,Senate,232,20717,1,88.5
113,Senate,232,20730,1,49.8
113,Senate,232,20735,1,100.0
113,Senate,232,20930,1,100.0
113,Senate,232,21173,6,94.8
113,Senate,232,29142,1,100.0
113,Senate,232,29147,1,100.0
113,Senate,232,29345,6,98.2
113,Senate,232,29373,1,100.0
113,Senate,232,29386,1,43.9
113,Senate,232,29389,1,100.0
113,Senate,232,29512,6,94.0
113,Senate,232,29534,6,96.4
113,Senate,232,29548,6,79.0
113,Senate,232,29555,9,96.8
113,Senate,232,29566,6,49.0
113,Senate,232,29722,6,94.1
113,Senate,232,29732,1,100.0
113,Senate,232,29735,6,91.5
113,Senate,232,29754,6,95.1
113,Senate,232,29906,1,100.0
113,Senate,232,29909,6,79.6
113,Senate,232,29918,6,98.5
113,Senate,232,29924,1,100.0
113,Senate,232,29935,1,24.2
113,Senate,232,29940,1,100.0
113,Senate,232,39310,1,100.0
113,Senate,232,40300,1,85.6
113,Senate,232,40301,1,95.9
113,Senate,232,40304,6,49.7
113,Senate,232,40305,6,83.3
113,Senate,232,40700,1,100.0
113,Senate,232,40701,1,99.7
113,Senate,232,40702,1,99.8
113,Senate,232,40703,9,100.0
113,Senate,232,40704,1,100.0
113,Senate,232,40705,6,47.8
113,Senate,232,40707,9,97.1
113,Senate,232,40900,1,99.9
113,Senate,232,40902,6,99.4
113,Senate,232,40904,1,100.0
113,Senate,232,40905,6,95.6
113,Senate,232,40906,1,100.0
113,Senate,232,40907,1,99.2
113,Senate,232,40908,1,100.0
113,Senate,232,40909,1,100.0
113,Senate,232,40910,1,100.0
113,Senate,232,40915,1,79.6
113,Senate,232,40916,1,100.0
113,Senate,232,41101,1,100.0
113,Senate,232,41102,6,86.4
113,Senate,232,41104,6,82.1
113,Senate,232,41106,1,79.3
113,Senate,232,41107,6,98.8
113,Senate,232,41110,6,82.1
113,Senate,232,41111,6,89.5
113,Senate,232,41112,1,100.0
113,Senate,232,41300,1,100.0
113,Senate,232,41301,1,100.0
113,Senate,232,41302,6,98.2
113,Senate,232,41303,1,91.2
113,Senate,232,41304,6,91.2
113,Senate,232,41305,1,100.0
113,Senate,232,41308,1,100.0
113,Senate,232,49300,1,100.0
113,Senate,232,49308,1,100.0
113,Senate,232,49700,9,95.9
113,Senate,232,49702,1,96.8
113,Senate,232,49703,1,98.0
113,Senate,232,49706,6,97.3
113,Senate,232,94659,6,99.8
113,Senate,232,99911,1,100.0
113,Senate,302,14009,1,96.0
113,Senate,302,14203,1,100.0
113,Senate,302,14226,1,91.4
113,Senate,302,14230,1,100.0
113,Senate,302,14307,1,100.0
113,Senate,302,14435,1,100.0
113,Senate,302,14440,1,100.0
113,Senate,302,14503,1,88.8
113,Senate,302,14651,1,100.0
113,Senate,302,14709,1,100.0
113,Senate,302,14806,1,92.4
113,Senate,302,14852,6,13.5
113,Senate,302,14858,1,100.0
113,Senate,302,14871,1,100.0
113,Senate,302,14921,1,86.0
113,Senate,302,14922,1,100.0
113,Senate,302,15011,1,100.0
113,Senate,302,15015,1,100.0
113,Senate,302,15021,1,100.0
113,Senate,302,15039,1,94.7
113,Senate,302,15054,1,100.0
113,Senate,302,15408,1,100.0
113,Senate,302,15424,6,42.9
113,Senate,302,15425,1,100.0
113,Senate,302,20100,1,21.3
113,Senate,302,20101,1,73.7
113,Senate,302,20115,1,98.9
113,Senate,302,20707,1,100.0
113,Senate,302,20713,1,100.0
113,Senate,302,20717,1,100.0
113,Senate,302,20730,6,14.2
113,Senate,302,20735,1,100.0
113,Senate,302,20930,1,100.0
113,Senate,302,21173,6,59.1
113,Senate,302,29142,1,100.0
113,Senate,302,29147,1,100.0
113,Senate,302,29345,6,41.3
113,Senate,302,29373,1,100.0
113,Senate,302,29386,1,92.6
113,Senate,302,29389,1,100.0
113,Senate,302,29512,1,78.4
113,Senate,302,29534,1,82.4
113,Senate,302,29548,1,83.0
113,Senate,302,29555,6,86.4
113,Senate,302,29566,1,93.5
113,Senate,302,29722,1,79.5
113,Senate,302,29732,1,100.0
113,Senate,302,29735,1,83.1
113,Senate,302,29754,1,76.1
113,Senate,302,29906,1,100.0
113,Senate,302,29909,1,86.5
113,Senate,302,29918,6,40.2
113,Senate,302,29924,1,100.0
113,Senate,302,29935,1,56.1
113,Senate,302,29940,1,100.0
113,Senate,302,39310,1,100.0
113,Senate,302,40300,1,99.5
113,Senate,302,40301,1,100.0
113,Senate,302,40304,1,95.6
113,Senate,302,40305,1,77.1
113,Senate,302,40700,1,100.0
113,Senate,302,40701,1,100.0
113,Senate,302,40702,1,100.0
113,Senate,302,40703,1,100.0
113,Senate,302,40704,1,100.0
113,Senate,302,40705,1,91.8
113,Senate,302,40707,6,45.6
113,Senate,302,40900,1,100.0
113,Senate,302,40902,6,55.5
113,Senate,302,40904,1,100.0
113,Senate,302,40905,1,81.4
113,Senate,302,40906,1,100.0
113,Senate,302,40907,1,100.0
113,Senate,302,40908,1,100.0
113,Senate,302,40909,1,100.0
113,Senate,302,40910,1,100.0
113,Senate,302,40915,1,100.0
113,Senate,302,40916,1,100.0
113,Senate,302,41101,1,100.0
113,Senate,302,41102,6,48.7
113,Senate,302,41104,6,84.6
113,Senate,302,41106,1,96.3
113,Senate,302,41107,1,75.3
113,Senate,302,41110,6,84.6
113,Senate,302,41111,1,44.4
113,Senate,302,41112,1,100.0
113,Senate,302,41300,1,100.0
113,Senate,302,41301,1,100.0
113,Senate,302,41302,1,67.1
113,Senate,302,41303,1,100.0
113,Senate,302,41304,6,79.5
113,Senate,302,41305,1,100.0
113,Senate,302,41308,1,100.0
113,Senate,302,49300,1,100.0
113,Senate,302,49308,1,100.0
113,Senate,302,49700,1,54.7
113,Senate,302,49702,1,100.0
113,Senate,302,49703,1,99.9
113,Senate,302,49706,6,47.0
113,Senate,302,94659,1,61.6
113,Senate,302,99911,9,100.0
113,Senate,310,14009,1,57.6
113,Senate,310,14203,1,98.5
113,Senate,310,14226,6,59.7
113,Senate,310,14230,1,98.0
113,Senate,310,14307,1,99.1
113,Senate,310,14435,1,98.8
113,Senate,310,14440,1,99.1
113,Senate,310,14503,6,61.7
113,Senate,310,14651,1,98.8
113,Senate,310,14709,1,99.2
113,Senate,310,14806,6,70.4
113,Senate,310,14852,6,70.3
113,Senate,310,14858,1,98.5
113,Senate,310,14871,1,98.1
113,Senate,310,14921,6,64.0
113,Senate,310,14922,1,99.3
113,Senate,310,15011,1,98.9
113,Senate,310,15015,6,2.8
113,Senate,310,15021,1,98.7
113,Senate,310,15039,6,85.3
113,Senate,310,15054,1,99.2
113,Senate,310,15408,1,98.8
113,Senate,310,15424,6,81.5
113,Senate,310,15425,1,99.0
113,Senate,310,20100,6,98.1
113,Senate,310,20101,6,54.2
113,Senate,310,20115,6,72.1
113,Senate,310,20707,1,98.5
113,Senate,310,20713,1,99.3
113,Senate,310,20717,1,98.2
113,Senate,310,20730,6,88.3
113,Senate,310,20735,1,99.1
113,Senate,310,20930,1,99.2
113,Senate,310,21173,1,12.4
113,Senate,310,29142,1,99.1
113,Senate,310,29147,1,98.9
113,Senate,310,29345,6,67.3
113,Senate,310,29373,1,99.1
113,Senate,310,29386,6,69.0
113,Senate,310,29389,9,99.3
113,Senate,310,29512,1,40.9
113,Senate,310,29534,1,53.9
113,Senate,310,29548,1,27.4
113,Senate,310,29555,6,92.4
113,Senate,310,29566,1,28.9
113,Senate,310,29722,6,57.1
113,Senate,310,29732,1,99.2
113,Senate,310,29735,1,43.8
113,Senate,310,29754,6,59.6
113,Senate,310,29906,1,99.3
113,Senate,310,29909,1,34.8
113,Senate,310,29918,1,35.3
113,Senate,310,29924,1,99.4
113,Senate,310,29935,6,94.7
113,Senate,310,29940,1,99.3
113,Senate,310,39310,1,98.2
113,Senate,310,40300,1,57.4
113,Senate,310,40301,1,98.9
113,Senate,310,40304,6,59.5
113,Senate,310,40305,6,76.7
113,Senate,310,40700,1,98.2
113,Senate,310,40701,1,97.6
113,Senate,310,40702,1,98.7
113,Senate,310,40703,1,99.2
113,Senate,310,40704,1,99.1
113,Senate,310,40705,6,77.9
113,Senate,310,40707,6,75.2
113,Senate,310,40900,1,98.9
113,Senate,310,40902,6,69.3
113,Senate,310,40904,1,99.2
113,Senate,310,40905,1,49.7
113,Senate,310,40906,1,98.2
113,Senate,310,40907,1,98.8
113,Senate,310,40908,1,97.8
113,Senate,310,40909,1,98.4
113,Senate,310,40910,1,98.3
113,Senate,310,40915,1,97.1
113,Senate,310,40916,1,98.1
113,Senate,310,41101,1,99.2
113,Senate,310,41102,1,8.6
113,Senate,310,41104,6,97.9
113,Senate,310,41106,6,81.6
113,Senate,310,41107,1,54.4
113,Senate,310,41110,6,97.9
113,Senate,310,41111,6,91.6
113,Senate,310,41112,1,99.3
113,Senate,310,41300,1,97.2
113,Senate,310,41301,1,98.4
113,Senate,310,41302,6,59.4
113,Senate,310,41303,1,98.2
113,Senate,310,41304,6,95.4
113,Senate,310,41305,1,98.5
113,Senate,310,41308,1,99.2
113,Senate,310,49300,1,98.5
113,Senate,310,49308,1,98.8
113,Senate,310,49700,6,78.4
113,Senate,310,49702,1,98.9
113,Senate,310,49703,1,63.1
113,Senate,310,49706,6,75.5
113,Senate,310,94659,6,48.2
113,Senate,310,99911,9,99.0
113,Senate,353,14009,1,
113,Senate,353,14226,1,
113,Senate,353,14230,9,
113,Senate,353,14307,1,
113,Senate,353,14435,1,
113,Senate,353,14440,1,
113,Senate,353,14503,1,
113,Senate,353,14651,1,
113,Senate,353,14709,1,
113,Senate,353,14806,1,
113,Senate,353,14852,1,
113,Senate,353,14858,1,
113,Senate,353,14871,1,
113,Senate,353,14921,1,
113,Senate,353,14922,1,
113,Senate,353,15011,1,
113,Senate,353,15015,1,
113,Senate,353,15021,1,
113,Senate,353,15039,9,
113,Senate,353,15054,1,
113,Senate,353,15408,1,
113,Senate,353,15424,1,
113,Senate,353,15425,1,
113,Senate,353,20100,1,
113,Senate,353,20101,1,
113,Senate,353,20115,9,
113,Senate,353,20707,1,
113,Senate,353,20713,1,
113,Senate,353,20717,1,
113,Senate,353,20730,1,
113,Senate,353,20735,1,
113,Senate,353,20930,1,
113,Senate,353,21173,1,
113,Senate,353,29142,1,
113,Senate,353,29147,1,
113,Senate,353,29345,1,
113,Senate,353,29373,1,
113,Senate,353,29386,1,
113,Senate,353,29389,1,
113,Senate,353,29512,1,
113,Senate,353,29534,1,
113,Senate,353,29548,1,
113,Senate,353,29555,1,
113,Senate,353,29566,1,
113,Senate,353,29722,1,
113,Senate,353,29732,1,
113,Senate,353,29735,1,
113,Senate,353,29754,1,
113,Senate,353,29906,1,
113,Senate,353,29909,1,
113,Senate,353,29918,1,
113,Senate,353,29924,1,
113,Senate,353,29935,1,
113,Senate,353,29940,1,
113,Senate,353,39310,1,
113,Senate,353,40300,1,
113,Senate,353,40301,1,
113,Senate,353,40304,1,
113,Senate,353,40305,1,
113,Senate,353,40700,1,
113,Senate,353,40701,1,
113,Senate,353,40702,1,
113,Senate,353,40703,1,
113,Senate,353,40704,1,
113,Senate,353,40705,1,
113,Senate,353,40707,1,
113,Senate,353,40900,1,
113,Senate,353,40902,1,
113,Senate,353,40904,1,
113,Senate,353,40905,1,
113,Senate,353,40906,1,
113,Senate,353,40907,1,
113,Senate,353,40908,1,
113,Senate,353,40909,1,
113,Senate,353,40910,1,
113,Senate,353,40915,1,
113,Senate,353,40916,1,
113,Senate,353,41101,1,
113,Senate,353,41102,1,
113,Senate,353,41104,1,
113,Senate,353,41106,1,
113,Senate,353,41107,1,
113,Senate,353,41110,1,
113,Senate,353,41111,1,
113,Senate,353,41112,1,
113,Senate,353,41300,1,
113,Senate,353,41301,1,
113,Senate,353,41302,1,
113,Senate,353,41303,1,
113,Senate,353,41304,1,
113,Senate,353,41305,1,
113,Senate,353,41308,1,
113,Senate,353,41309,1,
113,Senate,353,49300,1,
113,Senate,353,49308,1,
113,Senate,353,49700,1,
113,Senate,353,49702,1,
113,Senate,353,49703,1,
113,Senate,353,49706,1,
113,Senate,353,94659,1,
113,Senate,353,99911,9,
113,Senate,368,14009,1,
113,Senate,368,14226,1,
113,Senate,368,14230,1,
113,Senate,368,14307,1,
113,Senate,368,14435,1,
113,Senate,368,14440,1,
113,Senate,368,14503,1,
113,Senate,368,14651,1,
113,Senate,368,14709,1,
113,Senate,368,14806,1,
113,Senate,368,14852,1,
113,Senate,368,14858,1,
113,Senate,368,14871,1,
113,Senate,368,14921,1,
113,Senate,368,14922,1,
113,Senate,368,15011,1,
113,Senate,368,15015,1,
113,Senate,368,15021,1,
113,Senate,368,15039,1,
113,Senate,368,15054,1,
113,Senate,368,15408,1,
113,Senate,368,15424,9,
113,Senate,368,15425,1,
113,Senate,368,20100,1,
113,Senate,368,20101,1,
113,Senate,368,20115,1,
113,Senate,368,20707,1,
113,Senate,368,20713,1,
113,Senate,368,20717,1,
113,Senate,368,20730,1,
113,Senate,368,20735,1,
113,Senate,368,20930,1,
113,Senate,368,21173,1,
113,Senate,368,29142,1,
113,Senate,368,29147,1,
113,Senate,368,29345,1,
113,Senate,368,29373,1,
113,Senate,368,29386,1,
113,Senate,368,29389,1,
113,Senate,368,29512,1,
113,Senate,368,29534,1,
113,Senate,368,29548,1,
113,Senate,368,29555,6,
113,Senate,368,29566,1,
113,Senate,368,29722,9,
113,Senate,368,29732,1,
113,Senate,368,29735,1,
113,Senate,368,29754,1,
113,Senate,368,29906,1,
113,Senate,368,29909,1,
113,Senate,368,29918,1,
113,Senate,368,29924,1,
113,Senate,368,29935,1,
113,Senate,368,29940,1,
113,Senate,368,39310,1,
113,Senate,368,40300,1,
113,Senate,368,40301,1,
113,Senate,368,40304,1,
113,Senate,368,40305,1,
113,Senate,368,40700,1,
113,Senate,368,40701,1,
113,Senate,368,40702,1,
113,Senate,368,40703,1,
113,Senate,368,40704,1,
113,Senate,368,40705,1,
113,Senate,368,40707,1,
113,Senate,368,40900,1,
113,Senate,368,40902,1,
113,Senate,368,40904,1,
113,Senate,368,40905,1,
113,Senate,368,40906,1,
113,Senate,368,40907,1,
113,Senate,368,40908,1,
113,Senate,368,40909,1,
113,Senate,368,40910,1,
113,Senate,368,40915,1,
113,Senate,368,40916,1,
113,Senate,368,41101,1,
113,Senate,368,41102,1,
113,Senate,368,41104,1,
113,Senate,368,41106,1,
113,Senate,368,41107,1,
113,Senate,368,41110,6,
113,Senate,368,41111,1,
113,Senate,368,41112,1,
113,Senate,368,41300,1,
113,Senate,368,41301,1,
113,Senate,368,41302,1,
113,Senate,368,41303,1,
113,Senate,368,41304,1,
113,Senate,368,41305,1,
113,Senate,368,41308,1,
113,Senate,368,41309,1,
113,Senate,368,49300,1,
113,Senate,368,49308,1,
113,Senate,368,49700,1,
113,Senate,368,49702,1,
113,Senate,368,49703,1,
113,Senate,368,49706,1,
113,Senate,368,94659,1,
113,Senate,368,99911,9,
113,Senate,369,14009,1,74.0
113,Senate,369,14226,1,66.5
113,Senate,369,14230,1,95.9
113,Senate,369,14307,1,97.0
113,Senate,369,14435,1,95.0
113,Senate,369,14440,1,97.0
113,Senate,369,14503,6,36.8
113,Senate,369,14651,1,96.4
113,Senate,369,14709,1,96.9
113,Senate,369,14806,1,68.5
113,Senate,369,14852,6,38.9
113,Senate,369,14858,1,96.4
113,Senate,369,14871,1,96.2
113,Senate,369,14921,6,39.9
113,Senate,369,14922,1,97.2
113,Senate,369,15011,9,95.9
113,Senate,369,15015,6,3.5
113,Senate,369,15021,1,96.7
113,Senate,369,15039,6,27.4
113,Senate,369,15054,1,97.1
113,Senate,369,15408,1,96.9
113,Senate,369,15424,9,39.2
113,Senate,369,15425,6,3.0
113,Senate,369,20100,6,71.8
113,Senate,369,20101,6,52.4
113,Senate,369,20115,1,81.5
113,Senate,369,20707,1,96.9
113,Senate,369,20713,1,96.3
113,Senate,369,20717,1,95.1
113,Senate,369,20730,9,62.1
113,Senate,369,20735,1,96.2
113,Senate,369,20930,1,97.2
113,Senate,369,21173,1,31.2
113,Senate,369,29142,1,97.0
113,Senate,369,29147,1,94.9
113,Senate,369,29345,6,62.1
113,Senate,369,29373,1,97.0
113,Senate,369,29386,1,68.6
113,Senate,369,29389,1,96.9
113,Senate,369,29512,1,52.1
113,Senate,369,29534,1,55.0
113,Senate,369,29548,1,57.7
113,Senate,369,29555,6,81.4
113,Senate,369,29566,1,70.1
113,Senate,369,29722,9,53.0
113,Senate,369,29732,1,97.2
113,Senate,369,29735,1,56.4
113,Senate,369,29754,6,49.9
113,Senate,369,29906,1,97.2
113,Senate,369,29909,1,60.7
113,Senate,369,29918,1,38.3
113,Senate,369,29924,1,96.9
113,Senate,369,29935,1,42.4
113,Senate,369,29940,1,96.4
113,Senate,369,39310,1,96.5
113,Senate,369,40300,1,85.3
113,Senate,369,40301,1,96.1
113,Senate,369,40304,6,26.5
113,Senate,369,40305,6,47.2
113,Senate,369,40700,1,96.7
113,Senate,369,40701,9,96.3
113,Senate,369,40702,1,96.8
113,Senate,369,40703,1,97.2
113,Senate,369,40704,1,97.1
113,Senate,369,40705,6,32.0
113,Senate,369,40707,6,63.7
113,Senate,369,40900,1,97.0
113,Senate,369,40902,6,70.5
113,Senate,369,40904,1,96.8
113,Senate,369,40905,6,45.7
113,Senate,369,40906,1,96.9
113,Senate,369,40907,1,96.6
113,Senate,369,40908,1,94.3
113,Senate,369,40909,1,96.9
113,Senate,369,40910,1,96.9
113,Senate,369,40915,1,93.8
113,Senate,369,40916,1,96.8
113,Senate,369,41101,1,96.7
113,Senate,369,41102,1,38.2
113,Senate,369,41104,9,25.1
113,Senate,369,41106,1,75.2
113,Senate,369,41107,1,48.2
113,Senate,369,41110,6,74.9
113,Senate,369,41111,6,65.6
113,Senate,369,41112,1,96.7
113,Senate,369,41300,1,96.5
113,Senate,369,41301,1,91.1
113,Senate,369,41302,6,57.1
113,Senate,369,41303,1,95.3
113,Senate,369,41304,1,24.2
113,Senate,369,41305,1,97.0
113,Senate,369,41308,1,95.4
113,Senate,369,41309,1,96.6
113,Senate,369,49300,1,96.9
113,Senate,369,49308,1,96.7
113,Senate,369,49700,1,37.1
113,Senate,369,49702,1,96.2
113,Senate,369,49703,1,89.9
113,Senate,369,49706,6,64.5
113,Senate,369,94659,6,62.4
113,Senate,369,99911,9,96.9
113,Senate,384,14009,1,61.0
113,Senate,384,14226,6,53.2
113,Senate,384,14230,1,85.4
113,Senate,384,14307,1,91.7
113,Senate,384,14435,1,85.1
113,Senate,384,14440,1,91.6
113,Senate,384,14503,1,44.2
113,Senate,384,14651,1,95.8
113,Senate,384,14709,1,91.6
113,Senate,384,14806,6,59.4
113,Senate,384,14852,6,62.6
113,Senate,384,14858,1,87.6
113,Senate,384,14871,6,13.6
113,Senate,384,14921,1,41.3
113,Senate,384,14922,1,94.8
113,Senate,384,15011,1,86.8
113,Senate,384,15015,6,10.6
113,Senate,384,15021,1,89.3
113,Senate,384,15039,6,66.0
113,Senate,384,15054,1,95.5
113,Senate,384,15408,1,90.5
113,Senate,384,15424,6,79.9
113,Senate,384,15425,1,94.5
113,Senate,384,20100,6,96.1
113,Senate,384,20101,6,55.2
113,Senate,384,20115,1,47.0
113,Senate,384,20707,1,90.0
113,Senate,384,20713,1,90.4
113,Senate,384,20717,1,95.9
113,Senate,384,20730,1,25.7
113,Senate,384,20735,1,88.5
113,Senate,384,20930,1,93.1
113,Senate,384,21173,6,87.6
113,Senate,384,29142,1,91.3
113,Senate,384,29147,1,85.3
113,Senate,384,29345,6,69.7
113,Senate,384,29373,1,91.7
113,Senate,384,29386,6,58.4
113,Senate,384,29389,1,91.6
113,Senate,384,29512,1,42.2
113,Senate,384,29534,1,53.9
113,Senate,384,29548,1,34.3
113,Senate,384,29555,6,95.3
113,Senate,384,29566,6,59.1
113,Senate,384,29722,6,55.9
113,Senate,384,29732,1,93.0
113,Senate,384,29735,1,45.9
113,Senate,384,29754,6,58.9
113,Senate,384,29906,1,93.6
113,Senate,384,29909,1,40.7
113,Senate,384,29918,1,32.6
113,Senate,384,29924,1,93.8
113,Senate,384,29935,6,88.5
113,Senate,384,29940,6,9.6
113,Senate,384,39310,1,87.8
113,Senate,384,40300,1,63.5
113,Senate,384,40301,1,96.6
113,Senate,384,40304,6,50.5
113,Senate,384,40305,1,29.3
113,Senate,384,40700,6,11.1
113,Senate,384,40701,1,92.3
113,Senate,384,40702,1,94.5
113,Senate,384,40703,1,94.8
113,Senate,384,40704,1,91.9
113,Senate,384,40705,6,64.3
113,Senate,384,40707,6,76.5
113,Senate,384,40900,1,94.5
113,Senate,384,40902,6,74.8
113,Senate,384,40904,6,9.1
113,Senate,384,40905,6,49.9
113,Senate,384,40906,1,91.2
113,Senate,384,40907,1,95.5
113,Senate,384,40908,1,81.5
113,Senate,384,40909,6,7.6
113,Senate,384,40910,1,90.8
113,Senate,384,40915,1,94.7
113,Senate,384,40916,1,90.3
113,Senate,384,41101,1,90.8
113,Senate,384,41102,6,87.6
113,Senate,384,41104,6,96.7
113,Senate,384,41106,1,37.8
113,Senate,384,41107,1,52.9
113,Senate,384,41110,6,96.7
113,Senate,384,41111,6,89.2
113,Senate,384,41112,1,91.1
113,Senate,384,41300,1,89.7
113,Senate,384,41301,1,80.7
113,Senate,384,41302,6,61.2
113,Senate,384,41303,9,95.7
113,Senate,384,41304,6,95.3
113,Senate,384,41305,1,91.8
113,Senate,384,41308,1,87.7
113,Senate,384,41309,1,96.7
113,Senate,384,49300,1,90.9
113,Senate,384,49308,1,89.2
113,Senate,384,49700,6,78.5
113,Senate,384,49702,1,96.5
113,Senate,384,49703,1,67.3
113,Senate,384,49706,6,77.1
113,Senate,384,94659,6,52.3
113,Senate,384,99911,9,90.8
113,Senate,392,14009,6,77.2
113,Senate,392,14226,6,89.8
113,Senate,392,14230,1,100.0
113,Senate,392,14307,1,100.0
113,Senate,392,14435,1,100.0
113,Senate,392,14440,1,100.0
113,Senate,392,14503,6,94.3
113,Senate,392,14651,1,99.7
113,Senate,392,14709,1,100.0
113,Senate,392,14806,6,78.2
113,Senate,392,14852,6,94.8
113,Senate,392,14858,1,100.0
113,Senate,392,14871,1,100.0
113,Senate,392,14921,6,96.8
113,Senate,392,14922,1,100.0
113,Senate,392,15011,1,100.0
113,Senate,392,15015,1,100.0
113,Senate,392,15021,1,100.0
113,Senate,392,15039,6,33.0
113,Senate,392,15054,1,100.0
113,Senate,392,15408,1,100.0
113,Senate,392,15424,6,100.0
113,Senate,392,15425,1,100.0
113,Senate,392,20100,6,100.0
113,Senate,392,20101,6,99.9
113,Senate,392,20115,1,94.8
113,Senate,392,20707,1,100.0
113,Senate,392,20713,1,100.0
113,Senate,392,20717,1,97.1
113,Senate,392,20730,1,17.7
113,Senate,392,20735,1,100.0
113,Senate,392,20930,1,100.0
113,Senate,392,21173,6,100.0
113,Senate,392,29142,1,100.0
113,Senate,392,29147,1,100.0
113,Senate,392,29345,6,100.0
113,Senate,392,29373,1,100.0
113,Senate,392,29386,1,21.2
113,Senate,392,29389,1,100.0
113,Senate,392,29512,6,99.6
113,Senate,392,29534,6,99.5
113,Senate,392,29548,6,97.2
113,Senate,392,29555,9,100.0
113,Senate,392,29566,6,70.8
113,Senate,392,29722,6,99.5
113,Senate,392,29732,1,100.0
113,Senate,392,29735,6,99.0
113,Senate,392,29754,6,99.7
113,Senate,392,29906,1,100.0
113,Senate,392,29909,6,96.1
113,Senate,392,29918,6,100.0
113,Senate,392,29924,1,100.0
113,Senate,392,29935,6,99.6
113,Senate,392,29940,1,100.0
113,Senate,392,39310,1,100.0
113,Senate,392,40300,1,90.5
113,Senate,392,40301,1,99.1
113,Senate,392,40304,6,65.7
113,Senate,392,40305,6,98.9
113,Senate,392,40700,1,100.0
113,Senate,392,40701,9,100.0
113,Senate,392,40702,1,100.0
113,Senate,392,40703,1,100.0
113,Senate,392,40704,1,100.0
113,Senate,392,40705,6,72.8
113,Senate,392,40707,6,100.0
113,Senate,392,40900,1,100.0
113,Senate,392,40902,6,100.0
113,Senate,392,40904,1,100.0
113,Senate,392,40905,6,99.5
113,Senate,392,40906,1,100.0
113,Senate,392,40907,1,99.8
113,Senate,392,40908,1,100.0
113,Senate,392,40909,1,100.0
113,Senate,392,40910,1,100.0
113,Senate,392,40915,1,93.7
113,Senate,392,40916,1,100.0
113,Senate,392,41101,1,100.0
113,Senate,392,41102,6,99.9
113,Senate,392,41104,6,100.0
113,Senate,392,41106,1,76.1
113,Senate,392,41107,6,99.9
113,Senate,392,41110,6,100.0
113,Senate,392,41111,6,100.0
113,Senate,392,41112,1,100.0
113,Senate,392,41300,1,100.0
113,Senate,392,41301,1,100.0
113,Senate,392,41302,6,100.0
113,Senate,392,41303,1,97.9
113,Senate,392,41304,6,100.0
113,Senate,392,41305,1,100.0
113,Senate,392,41308,1,100.0
113,Senate,392,41309,1,99.6
113,Senate,392,49300,1,100.0
113,Senate,392,49308,1,100.0
113,Senate,392,49700,6,100.0
113,Senate,392,49702,9,99.3
113,Senate,392,49703,1,99.7
113,Senate,392,49706,6,100.0
113,Senate,392,94659,6,100.0
113,Senate,392,99911,1,100.0
113,Senate,478,14009,9,97.8
113,Senate,478,14226,1,95.0
113,Senate,478,14230,1,100.0
113,Senate,478,14307,1,100.0
113,Senate,478,14435,1,100.0
113,Senate,478,14440,1,100.0
113,Senate,478,14503,1,94.3
113,Senate,478,14651,1,100.0
113,Senate,478,14709,1,100.0
113,Senate,478,14806,1,93.0
113,Senate,478,14852,1,92.1
113,Senate,478,14858,1,100.0
113,Senate,478,14871,1,100.0
113,Senate,478,14921,1,93.4
113,Senate,478,14922,1,100.0
113,Senate,478,15011,1,100.0
113,Senate,478,15015,1,100.0
113,Senate,478,15021,1,100.0
113,Senate,478,15039,1,88.4
113,Senate,478,15054,1,100.0
113,Senate,478,15408,1,100.0
113,Senate,478,15424,1,83.9
113,Senate,478,15425,1,100.0
113,Senate,478,20100,1,52.2
113,Senate,478,20101,1,93.9
113,Senate,478,20115,1,93.8
113,Senate,478,20707,1,100.0
113,Senate,478,20713,1,100.0
113,Senate,478,20717,1,100.0
113,Senate,478,20730,1,85.1
113,Senate,478,20735,1,100.0
113,Senate,478,20930,1,100.0
113,Senate,478,21173,1,77.5
113,Senate,478,29142,1,100.0
113,Senate,478,29147,1,100.0
113,Senate,478,29345,1,89.1
113,Senate,478,29373,1,100.0
113,Senate,478,29386,1,93.4
113,Senate,478,29389,1,100.0
113,Senate,478,29512,1,93.5
113,Senate,478,29534,1,96.0
113,Senate,478,29548,1,91.0
113,Senate,478,29555,1,64.7
113,Senate,478,29566,1,93.0
113,Senate,478,29722,9,94.0
113,Senate,478,29732,1,100.0
113,Senate,478,29735,1,94.5
113,Senate,478,29754,1,93.1
113,Senate,478,29906,1,100.0
113,Senate,478,29909,1,93.3
113,Senate,478,29918,1,89.9
113,Senate,478,29924,1,100.0
113,Senate,478,29935,1,73.4
113,Senate,478,29940,1,100.0
113,Senate,478,39310,1,100.0
113,Senate,478,40300,1,98.3
113,Senate,478,40301,1,100.0
113,Senate,478,40304,1,95.6
113,Senate,478,40305,1,88.9
113,Senate,478,40700,1,100.0
113,Senate,478,40701,9,100.0
113,Senate,478,40702,1,100.0
113,Senate,478,40703,1,100.0
113,Senate,478,40704,1,100.0
113,Senate,478,40705,6,9.1
113,Senate,478,40707,1,86.0
113,Senate,478,40900,1,100.0
113,Senate,478,40902,1,86.4
113,Senate,478,40904,1,100.0
113,Senate,478,40905,1,95.3
113,Senate,478,40906,1,100.0
113,Senate,478,40907,1,100.0
113,Senate,478,40908,9,100.0
113,Senate,478,40909,1,100.0
113,Senate,478,40910,1,100.0
113,Senate,478,40915,1,100.0
113,Senate,478,40916,1,100.0
113,Senate,478,41101,1,100.0
113,Senate,478,41102,1,76.4
113,Senate,478,41104,1,49.9
113,Senate,478,41106,1,90.3
113,Senate,478,41107,1,95.5
113,Senate,478,41110,1,49.9
113,Senate,478,41111,6,25.2
113,Senate,478,41112,1,100.0
113,Senate,478,41300,1,100.0
113,Senate,478,41301,1,100.0
113,Senate,478,41302,1,92.1
113,Senate,478,41303,1,100.0
113,Senate,478,41304,1,62.5
113,Senate,478,41305,1,100.0
113,Senate,478,41308,1,100.0
113,Senate,478,41309,1,100.0
113,Senate,478,49300,1,100.0
113,Senate,478,49308,1,100.0
113,Senate,478,49700,6,15.1
113,Senate,478,49702,1,100.0
113,Senate,478,49703,1,98.8
113,Senate,478,49706,1,85.7
113,Senate,478,94659,1,93.7
113,Senate,478,99911,1,100.0
113,Senate,505,14009,9,99.9
113,Senate,505,14226,1,99.6
113,Senate,505,14230,1,100.0
113,Senate,505,14307,1,100.0
113,Senate,505,14435,1,100.0
113,Senate,505,14440,1,100.0
113,Senate,505,14503,1,99.5
113,Senate,505,14651,1,100.0
113,Senate,505,14709,1,100.0
113,Senate,505,14806,1,99.2
113,Senate,505,14852,1,99.1
113,Senate,505,14858,1,100.0
113,Senate,505,14871,1,100.0
113,Senate,505,14921,1,99.4
113,Senate,505,14922,1,100.0
113,Senate,505,15011,1,100.0
113,Senate,505,15015,1,100.0
113,Senate,505,15021,1,100.0
113,Senate,505,15039,1,97.5
113,Senate,505,15054,1,100.0
113,Senate,505,15408,1,100.0
113,Senate,505,15424,1,96.0
113,Senate,505,15425,1,100.0
113,Senate,505,20100,1,58.5
113,Senate,505,20101,1,99.5
113,Senate,505,20115,1,99.2
113,Senate,505,20707,1,100.0
113,Senate,505,20713,1,100.0
113,Senate,505,20717,1,100.0
113,Senate,505,20730,1,96.2
113,Senate,505,20735,1,100.0
113,Senate,505,20930,1,100.0
113,Senate,505,21173,1,91.7
113,Senate,505,29142,1,100.0
113,Senate,505,29147,1,100.0
113,Senate,505,29345,1,98.4
113,Senate,505,29373,1,100.0
113,Senate,505,29386,1,99.3
113,Senate,505,29389,1,100.0
113,Senate,505,29512,1,99.4
113,Senate,505,29534,1,99.8
113,Senate,505,29548,1,98.8
113,Senate,505,29555,6,22.3
113,Senate,505,29566,1,99.2
113,Senate,505,29722,1,99.5
113,Senate,505,29732,1,100.0
113,Senate,505,29735,1,99.6
113,Senate,505,29754,1,99.4
113,Senate,505,29906,1,100.0
113,Senate,505,29909,1,99.3
113,Senate,505,29918,1,98.6
113,Senate,505,29924,1,100.0
113,Senate,505,29935,1,87.7
113,Senate,505,29940,1,100.0
113,Senate,505,39310,1,100.0
113,Senate,505,40300,1,99.9
113,Senate,505,40301,1,100.0
113,Senate,505,40304,1,99.7
113,Senate,505,40305,1,98.1
113,Senate,505,40700,1,100.0
113,Senate,505,40701,1,100.0
113,Senate,505,40702,1,100.0
113,Senate,505,40703,1,100.0
113,Senate,505,40704,1,100.0
113,Senate,505,40705,1,98.6
113,Senate,505,40707,1,97.1
113,Senate,505,40900,1,100.0
113,Senate,505,40902,1,97.4
113,Senate,505,40904,1,100.0
113,Senate,505,40905,9,99.7
113,Senate,505,40906,1,100.0
113,Senate,505,40907,1,100.0
113,Senate,505,40908,1,100.0
113,Senate,505,40909,1,100.0
113,Senate,505,40910,1,100.0
113,Senate,505,40915,1,100.0
113,Senate,505,40916,1,100.0
113,Senate,505,41101,1,100.0
113,Senate,505,41102,1,90.7
113,Senate,505,41104,1,54.6
113,Senate,505,41106,1,98.3
113,Senate,505,41107,1,99.7
113,Senate,505,41110,6,45.4
113,Senate,505,41111,6,10.7
113,Senate,505,41112,1,100.0
113,Senate,505,41300,1,100.0
113,Senate,505,41301,1,100.0
113,Senate,505,41302,1,99.2
113,Senate,505,41303,1,100.0
113,Senate,505,41304,1,74.5
113,Senate,505,41305,1,100.0
113,Senate,505,41308,1,100.0
113,Senate,505,41309,1,100.0
113,Senate,505,49300,1,100.0
113,Senate,505,49308,1,100.0
113,Senate,505,49700,1,96.6
113,Senate,505,49702,1,100.0
113,Senate,505,49703,1,100.0
113,Senate,505,49706,1,97.0
113,Senate,505,94659,1,99.5
113,Senate,505,99911,1,100.0
113,Senate,522,14009,1,98.6
113,Senate,522,14226,1,96.5
113,Senate,522,14230,1,100.0
113,Senate,522,14307,1,100.0
113,Senate,522,14435,1,100.0
113,Senate,522,14440,1,100.0
113,Senate,522,14503,1,95.9
113,Senate,522,14651,1,100.0
113,Senate,522,14709,1,100.0
113,Senate,522,14806,1,95.7
113,Senate,522,14852,6,5.6
113,Senate,522,14858,1,100.0
113,Senate,522,14871,1,100.0
113,Senate,522,14921,1,95.1
113,Senate,522,14922,1,100.0
113,Senate,522,15011,1,100.0
113,Senate,522,15015,1,100.0
113,Senate,522,15021,1,100.0
113,Senate,522,15039,1,93.9
113,Senate,522,15054,1,100.0
113,Senate,522,15408,1,100.0
113,Senate,522,15424,1,86.2
113,Senate,522,15425,1,100.0
113,Senate,522,20100,1,59.7
113,Senate,522,20101,1,94.0
113,Senate,522,20115,1,97.6
113,Senate,522,20707,1,100.0
113,Senate,522,20713,1,100.0
113,Senate,522,20717,1,100.0
113,Senate,522,20730,1,90.4
113,Senate,522,20735,1,100.0
113,Senate,522,20930,1,100.0
113,Senate,522,21173,1,80.1
113,Senate,522,29142,1,100.0
113,Senate,522,29147,1,100.0
113,Senate,522,29345,1,89.6
113,Senate,522,29373,1,100.0
113,Senate,522,29386,1,95.9
113,Senate,522,29389,1,100.0
113,Senate,522,29512,1,94.2
113,Senate,522,29534,1,96.2
113,Senate,522,29548,1,93.4
113,Senate,522,29555,6,32.6
113,Senate,522,29566,1,95.9
113,Senate,522,29722,1,94.7
113,Senate,522,29732,1,100.0
113,Senate,522,29735,1,95.4
113,Senate,522,29754,1,93.8
113,Senate,522,29906,1,100.0
113,Senate,522,29909,1,95.0
113,Senate,522,29918,1,90.2
113,Senate,522,29924,1,100.0
113,Senate,522,29935,1,79.1
113,Senate,522,29940,1,100.0
113,Senate,522,39310,1,100.0
113,Senate,522,40300,1,99.4
113,Senate,522,40301,1,100.0
113,Senate,522,40304,9,97.5
113,Senate,522,40305,1,91.4
113,Senate,522,40700,1,100.0
113,Senate,522,40701,1,100.0
113,Senate,522,40702,1,100.0
113,Senate,522,40703,1,100.0
113,Senate,522,40704,1,100.0
113,Senate,522,40705,1,94.5
113,Senate,522,40707,1,87.2
113,Senate,522,40900,1,100.0
113,Senate,522,40902,1,86.3
113,Senate,522,40904,1,100.0
113,Senate,522,40905,1,95.6
113,Senate,522,40906,1,100.0
113,Senate,522,40907,1,100.0
113,Senate,522,40908,1,100.0
113,Senate,522,40909,1,100.0
113,Senate,522,40910,1,100.0
113,Senate,522,40915,1,100.0
113,Senate,522,40916,9,100.0
113,Senate,522,41101,1,100.0
113,Senate,522,41102,6,19.4
113,Senate,522,41104,1,57.1
113,Senate,522,41106,1,95.3
113,Senate,522,41107,1,95.1
113,Senate,522,41110,1,57.1
113,Senate,522,41111,1,78.7
113,Senate,522,41112,9,100.0
113,Senate,522,41300,1,100.0
113,Senate,522,41301,1,100.0
113,Senate,522,41302,1,92.3
113,Senate,522,41303,1,100.0
113,Senate,522,41304,1,67.0
113,Senate,522,41305,1,100.0
113,Senate,522,41308,1,100.0
113,Senate,522,41309,1,100.0
113,Senate,522,49300,1,100.0
113,Senate,522,49308,1,100.0
113,Senate,522,49700,6,13.5
113,Senate,522,49702,1,100.0
113,Senate,522,49703,1,99.8
113,Senate,522,49706,1,86.8
113,Senate,522,94659,1,92.7
113,Senate,522,99911,1,100.0
113,Senate,539,14009,1,97.2
113,Senate,539,14226,1,87.6
113,Senate,539,14230,1,100.0
113,Senate,539,14307,1,100.0
113,Senate,539,14435,1,100.0
113,Senate,539,14440,1,100.0
113,Senate,539,14503,6,15.9
113,Senate,539,14651,1,100.0
113,Senate,539,14709,1,100.0
113,Senate,539,14806,1,79.6
113,Senate,539,14852,9,73.2
113,Senate,539,14858,1,100.0
113,Senate,539,14871,1,100.0
113,Senate,539,14921,1,79.8
113,Senate,539,14922,1,100.0
113,Senate,539,15011,1,100.0
113,Senate,539,15015,1,100.0
113,Senate,539,15021,1,100.0
113,Senate,539,15039,6,40.4
113,Senate,539,15054,1,100.0
113,Senate,539,15408,1,100.0
113,Senate,539,15424,1,31.8
113,Senate,539,15425,1,100.0
113,Senate,539,20100,6,100.0
113,Senate,539,20101,1,81.5
113,Senate,539,20115,1,90.8
113,Senate,539,20707,1,100.0
113,Senate,539,20713,1,100.0
113,Senate,539,20717,1,100.0
113,Senate,539,20730,1,35.9
113,Senate,539,20735,1,100.0
113,Senate,539,20930,1,100.0
113,Senate,539,21173,6,87.4
113,Senate,539,29142,1,100.0
113,Senate,539,29147,1,100.0
113,Senate,539,29345,6,41.4
113,Senate,539,29373,1,100.0
113,Senate,539,29386,6,18.7
113,Senate,539,29389,1,100.0
113,Senate,539,29512,1,79.5
113,Senate,539,29534,1,90.4
113,Senate,539,29548,6,33.2
113,Senate,539,29555,6,98.4
113,Senate,539,29566,1,80.4
113,Senate,539,29722,1,81.9
113,Senate,539,29732,1,100.0
113,Senate,539,29735,1,84.6
113,Senate,539,29754,1,77.8
113,Senate,539,29906,1,100.0
113,Senate,539,29909,1,79.0
113,Senate,539,29918,1,62.9
113,Senate,539,29924,1,100.0
113,Senate,539,29935,6,96.0
113,Senate,539,29940,1,100.0
113,Senate,539,39310,1,100.0
113,Senate,539,40300,1,99.2
113,Senate,539,40301,1,100.0
113,Senate,539,40304,9,91.6
113,Senate,539,40305,6,45.3
113,Senate,539,40700,1,100.0
113,Senate,539,40701,1,100.0
113,Senate,539,40702,1,100.0
113,Senate,539,40703,1,100.0
113,Senate,539,40704,1,100.0
113,Senate,539,40705,1,68.7
113,Senate,539,40707,1,42.9
113,Senate,539,40900,1,100.0
113,Senate,539,40902,6,51.9
113,Senate,539,40904,1,100.0
113,Senate,539,40905,1,87.7
113,Senate,539,40906,1,100.0
113,Senate,539,40907,1,100.0
113,Senate,539,40908,1,100.0
113,Senate,539,40909,1,100.0
113,Senate,539,40910,1,100.0
113,Senate,539,40915,1,100.0
113,Senate,539,40916,1,100.0
113,Senate,539,41101,1,100.0
113,Senate,539,41102,6,91.4
113,Senate,539,41104,6,100.0
113,Senate,539,41106,1,71.8
113,Senate,539,41107,1,88.1
113,Senate,539,41110,6,100.0
113,Senate,539,41111,6,93.3
113,Senate,539,41112,9,100.0
113,Senate,539,41300,1,100.0
113,Senate,539,41301,1,100.0
113,Senate,539,41302,1,73.3
113,Senate,539,41303,1,100.0
113,Senate,539,41304,6,99.5
113,Senate,539,41305,1,100.0
113,Senate,539,41308,1,100.0
113,Senate,539,41309,1,100.0
113,Senate,539,49300,1,100.0
113,Senate,539,49308,1,100.0
113,Senate,539,49700,6,63.1
113,Senate,539,49702,1,100.0
113,Senate,539,49703,1,99.8
113,Senate,539,49706,1,41.5
113,Senate,539,94659,6,18.6
113,Senate,539,99911,9,100.0
113,Senate,561,14009,1,86.6
113,Senate,561,14226,1,85.3
113,Senate,561,14230,1,89.7
113,Senate,561,14307,6,14.0
113,Senate,561,14435,6,17.5
113,Senate,561,14440,1,85.7
113,Senate,561,14503,1,83.3
113,Senate,561,14651,1,84.3
113,Senate,561,14709,1,84.7
113,Senate,561,14806,1,89.2
113,Senate,561,14852,6,16.2
113,Senate,561,14858,1,88.7
113,Senate,561,14871,1,89.9
113,Senate,561,14921,1,81.4
113,Senate,561,14922,1,83.5
113,Senate,561,15011,1,85.1
113,Senate,561,15015,1,91.8
113,Senate,561,15021,1,88.3
113,Senate,561,15039,1,95.0
113,Senate,561,15054,1,83.8
113,Senate,561,15408,1,88.3
113,Senate,561,15424,1,65.6
113,Senate,561,15425,1,86.1
113,Senate,561,20100,1,44.3
113,Senate,561,20101,1,68.2
113,Senate,561,20115,1,96.6
113,Senate,561,20707,6,10.4
113,Senate,561,20713,1,79.7
113,Senate,561,20717,1,83.6
113,Senate,561,20730,6,10.2
113,Senate,561,20735,6,15.6
113,Senate,561,20930,1,85.6
113,Senate,561,21173,1,55.9
113,Senate,561,29142,1,86.3
113,Senate,561,29147,6,19.0
113,Senate,561,29345,6,38.6
113,Senate,561,29373,1,85.8
113,Senate,561,29386,1,88.9
113,Senate,561,29389,6,16.6
113,Senate,561,29512,1,73.4
113,Senate,561,29534,1,72.6
113,Senate,561,29548,1,81.7
113,Senate,561,29555,6,69.0
113,Senate,561,29566,1,90.4
113,Senate,561,29722,6,26.3
113,Senate,561,29732,1,85.5
113,Senate,561,29735,1,76.4
113,Senate,561,29754,1,71.8
113,Senate,561,29906,1,84.3
113,Senate,561,29909,1,82.2
113,Senate,561,29918,1,61.3
113,Senate,561,29924,1,79.4
113,Senate,561,29935,1,73.9
113,Senate,561,29940,6,18.8
113,Senate,561,39310,1,90.2
113,Senate,561,40300,1,94.4
113,Senate,561,40301,1,82.1
113,Senate,561,40304,1,90.1
113,Senate,561,40305,1,78.6
113,Senate,561,40700,1,90.4
113,Senate,561,40701,1,89.8
113,Senate,561,40702,1,86.8
113,Senate,561,40703,1,84.1
113,Senate,561,40704,1,86.1
113,Senate,561,40705,1,90.6
113,Senate,561,40707,6,39.1
113,Senate,561,40900,6,13.7
113,Senate,561,40902,6,48.3
113,Senate,561,40904,1,85.1
113,Senate,561,40905,1,73.1
113,Senate,561,40906,1,90.1
113,Senate,561,40907,1,85.1
113,Senate,561,40908,1,86.7
113,Senate,561,40909,1,89.3
113,Senate,561,40910,1,90.1
113,Senate,561,40915,6,15.3
113,Senate,561,40916,1,90.5
113,Senate,561,41101,1,83.6
113,Senate,561,41102,1,66.9
113,Senate,561,41104,6,64.5
113,Senate,561,41106,1,95.4
113,Senate,561,41107,1,66.6
113,Senate,561,41110,6,64.5
113,Senate,561,41111,1,61.3
113,Senate,561,41112,1,82.6
113,Senate,561,41300,1,91.7
113,Senate,561,41301,6,28.9
113,Senate,561,41302,1,64.9
113,Senate,561,41303,1,84.2
113,Senate,561,41304,6,59.2
113,Senate,561,41305,1,89.3
113,Senate,561,41308,1,79.2
113,Senate,561,41309,1,81.0
113,Senate,561,49300,1,89.4
113,Senate,561,49308,1,87.9
113,Senate,561,49700,6,37.6
113,Senate,561,49702,1,82.3
113,Senate,561,49703,1,96.4
113,Senate,561,49706,6,40.0
113,Senate,561,94659,1,57.6
113,Senate,561,99911,1,86.8
113,Senate,571,14009,1,100.0
113,Senate,571,14226,1,100.0
113,Senate,571,14230,6,99.7
113,Senate,571,14307,6,97.4
113,Senate,571,14435,6,100.0
113,Senate,571,14440,6,98.0
113,Senate,571,14503,1,100.0
113,Senate,571,14651,6,16.6
113,Senate,571,14709,6,98.9
113,Senate,571,14806,1,100.0
113,Senate,571,14852,1,100.0
113,Senate,571,14858,6,99.5
113,Senate,571,14871,6,99.3
113,Senate,571,14921,1,100.0
113,Senate,571,14922,6,80.7
113,Senate,571,15011,6,100.0
113,Senate,571,15015,1,47.8
113,Senate,571,15021,6,98.5
113,Senate,571,15039,1,100.0
113,Senate,571,15054,6,55.2
113,Senate,571,15408,6,95.7
113,Senate,571,15424,1,100.0
113,Senate,571,15425,6,53.2
113,Senate,571,20100,1,100.0
113,Senate,571,20101,1,100.0
113,Senate,571,20115,1,100.0
113,Senate,571,20707,6,91.9
113,Senate,571,20713,6,100.0
113,Senate,571,20717,1,97.6
113,Senate,571,20730,1,100.0
113,Senate,571,20735,6,100.0
113,Senate,571,20930,6,91.4
113,Senate,571,21173,1,100.0
113,Senate,571,29142,6,97.9
113,Senate,571,29147,6,100.0
113,Senate,571,29345,1,100.0
113,Senate,571,29373,6,97.8
113,Senate,571,29386,1,100.0
113,Senate,571,29389,6,99.5
113,Senate,571,29512,1,100.0
113,Senate,571,29534,1,100.0
113,Senate,571,29548,1,100.0
113,Senate,571,29555,1,100.0
113,Senate,571,29566,1,100.0
113,Senate,571,29722,1,100.0
113,Senate,571,29732,6,93.4
113,Senate,571,29735,1,100.0
113,Senate,571,29754,1,100.0
113,Senate,571,29906,6,92.8
113,Senate,571,29909,1,100.0
113,Senate,571,29918,1,100.0
113,Senate,571,29924,6,98.7
113,Senate,571,29935,1,100.0
113,Senate,571,29940,6,99.9
113,Senate,571,39310,6,97.6
113,Senate,571,40300,1,100.0
113,Senate,571,40301,1,87.2
113,Senate,571,40304,1,100.0
113,Senate,571,40305,1,100.0
113,Senate,571,40700,6,93.0
113,Senate,571,40701,1,82.2
113,Senate,571,40702,1,64.5
113,Senate,571,40703,1,22.7
113,Senate,571,40704,6,96.6
113,Senate,571,40705,1,100.0
113,Senate,571,40707,1,100.0
113,Senate,571,40900,1,54.3
113,Senate,571,40902,1,100.0
113,Senate,571,40904,6,99.3
113,Senate,571,40905,1,100.0
113,Senate,571,40906,6,65.1
113,Senate,571,40907,1,77.6
113,Senate,571,40908,6,100.0
113,Senate,571,40909,1,48.9
113,Senate,571,40910,1,24.4
113,Senate,571,40915,1,99.6
113,Senate,571,40916,6,77.2
113,Senate,571,41101,6,99.8
113,Senate,571,41102,1,100.0
113,Senate,571,41104,1,100.0
113,Senate,571,41106,1,100.0
113,Senate,571,41107,1,100.0
113,Senate,571,41110,1,100.0
113,Senate,571,41111,1,100.0
113,Senate,571,41112,6,99.8
113,Senate,571,41300,6,43.3
113,Senate,571,41301,6,100.0
113,Senate,571,41302,1,100.0
113,Senate,571,41303,1,97.0
113,Senate,571,41304,1,100.0
113,Senate,571,41305,6,70.0
113,Senate,571,41308,6,100.0
113,Senate,571,41309,1,69.6
113,Senate,571,49300,6,84.7
113,Senate,571,49308,6,99.0
113,Senate,571,49700,1,100.0
113,Senate,571,49702,1,85.5
113,Senate,571,49703,1,99.7
113,Senate,571,49706,1,100.0
113,Senate,571,94659,1,100.0
113,Senate,571,99911,6,98.2
113,Senate,655,14009,9,92.3
113,Senate,655,14226,1,89.6
113,Senate,655,14230,1,82.3
113,Senate,655,14307,6,14.2
113,Senate,655,14435,1,76.8
113,Senate,655,14440,1,85.4
113,Senate,655,14503,1,89.1
113,Senate,655,14651,1,92.6
113,Senate,655,14709,1,84.5
113,Senate,655,14806,6,12.9
113,Senate,655,14852,1,86.9
113,Senate,655,14858,1,83.5
113,Senate,655,14871,6,16.5
113,Senate,655,14921,1,88.5
113,Senate,655,14922,1,88.6
113,Senate,655,15011,9,79.9
113,Senate,655,15015,1,89.9
113,Senate,655,15021,1,84.9
113,Senate,655,15039,1,81.3
113,Senate,655,15054,1,90.4
113,Senate,655,15408,1,86.3
113,Senate,655,15424,1,78.8
113,Senate,655,15425,1,90.6
113,Senate,655,20100,6,67.1
113,Senate,655,20101,1,90.0
113,Senate,655,20115,9,85.2
113,Senate,655,20707,1,87.1
113,Senate,655,20713,1,79.9
113,Senate,655,20717,1,94.1
113,Senate,655,20730,1,78.9
113,Senate,655,20735,1,80.9
113,Senate,655,20930,1,87.4
113,Senate,655,21173,6,29.7
113,Senate,655,29142,1,85.4
113,Senate,655,29147,9,76.1
113,Senate,655,29345,6,14.7
113,Senate,655,29373,1,85.5
113,Senate,655,29386,6,12.6
113,Senate,655,29389,6,16.5
113,Senate,655,29512,9,89.2
113,Senate,655,29534,1,91.8
113,Senate,655,29548,1,85.9
113,Senate,655,29555,6,51.0
113,Senate,655,29566,1,86.9
113,Senate,655,29722,1,89.7
113,Senate,655,29732,1,87.0
113,Senate,655,29735,1,90.0
113,Senate,655,29754,1,88.9
113,Senate,655,29906,1,87.1
113,Senate,655,29909,1,88.2
113,Senate,655,29918,1,86.3
113,Senate,655,29924,1,83.9
113,Senate,655,29935,6,35.3
113,Senate,655,29940,1,80.8
113,Senate,655,39310,1,85.2
113,Senate,655,40300,1,90.9
113,Senate,655,40301,1,92.8
113,Senate,655,40304,1,89.5
113,Senate,655,40305,1,83.9
113,Senate,655,40700,1,86.7
113,Senate,655,40701,1,92.2
113,Senate,655,40702,1,91.5
113,Senate,655,40703,1,88.9
113,Senate,655,40704,6,13.9
113,Senate,655,40705,1,84.7
113,Senate,655,40707,1,81.7
113,Senate,655,40900,1,91.0
113,Senate,655,40902,6,17.3
113,Senate,655,40904,1,84.0
113,Senate,655,40905,9,91.1
113,Senate,655,40906,1,89.6
113,Senate,655,40907,1,92.2
113,Senate,655,40908,6,23.3
113,Senate,655,40909,1,90.5
113,Senate,655,40910,6,11.1
113,Senate,655,40915,6,5.3
113,Senate,655,40916,1,88.7
113,Senate,655,41101,1,82.8
113,Senate,655,41102,1,68.7
113,Senate,655,41104,1,29.0
113,Senate,655,41106,1,82.9
113,Senate,655,41107,1,91.6
113,Senate,655,41110,9,29.0
113,Senate,655,41111,1,66.3
113,Senate,655,41112,1,82.5
113,Senate,655,41300,1,90.4
113,Senate,655,41301,6,31.9
113,Senate,655,41302,1,88.4
113,Senate,655,41303,1,94.0
113,Senate,655,41304,1,46.2
113,Senate,655,41305,1,89.4
113,Senate,655,41308,1,77.0
113,Senate,655,41309,1,91.5
113,Senate,655,49300,1,88.1
113,Senate,655,49308,1,84.4
113,Senate,655,49700,9,80.2
113,Senate,655,49702,1,92.6
113,Senate,655,49703,1,89.6
113,Senate,655,49706,1,81.3
113,Senate,655,94659,1,90.4
113,Senate,655,99911,1,85.3
