"","15","36","45","90","116","139","142","186","227","234","264","270","407","412","448","473","508","523","527","590","635","657","673","680","720","766","941","966","985","1152","1171","1199","1360"
"2605",1,1,1,1,1,1,1,1,1,1,1,1,1,1,1,1,1,1,1,1,1,1,1,1,1,1,1,1,1,1,1,1,1
"10713",1,1,1,1,1,1,1,1,1,1,-1,1,1,1,1,1,1,1,1,-1,1,1,1,1,1,0,1,1,1,1,1,0,1
"12036",1,1,1,1,1,1,1,1,1,1,1,1,1,1,1,1,1,1,1,1,1,1,1,1,1,1,1,1,1,1,1,1,1
"13035",1,1,1,1,1,1,1,1,1,1,1,1,0,1,1,1,1,1,1,1,1,1,1,1,1,1,1,0,1,1,1,1,1
"13047",1,-1,-1,0,1,1,1,1,1,1,1,1,-1,1,1,-1,-1,-1,1,1,-1,1,1,1,1,1,-1,-1,0,-1,-1,1,-1
"14053",1,1,1,0,1,1,1,1,0,0,0,0,1,1,1,1,1,-1,-1,1,1,1,-1,1,1,1,1,1,1,1,1,1,1
"14066",1,0,-1,1,1,1,1,1,1,-1,1,1,-1,1,1,1,-1,1,1,1,1,1,1,-1,1,1,-1,0,-1,-1,-1,1,-1
"14072",1,1,1,1,1,1,1,1,1,1,1,1,1,1,1,1,1,1,1,1,1,1,1,1,1,0,0,1,1,NA,NA,NA,NA
"14256",1,1,1,1,1,1,1,1,1,1,-1,1,1,1,1,1,1,1,1,1,1,1,-1,1,1,1,1,1,1,1,1,1,1
"14265",1,1,1,1,1,1,1,1,1,1,-1,1,1,1,1,1,1,1,1,1,1,1,1,1,1,1,1,0,1,1,1,1,1
"14280",1,1,1,1,1,1,1,1,1,1,1,1,1,1,1,1,1,1,1,1,1,1,1,1,1,1,1,1,1,1,1,1,1
"14290",-1,-1,-1,-1,-1,-1,-1,-1,-1,-1,-1,-1,-1,-1,-1,-1,-1,-1,0,0,0,-1,-1,-1,-1,1,-1,-1,-1,-1,-1,1,-1
"14413",1,1,1,1,1,1,1,1,1,1,1,1,1,1,1,1,1,1,1,1,1,1,1,1,1,1,1,1,1,1,1,1,1
"14430",1,1,1,1,1,1,1,1,1,1,1,1,1,1,1,1,1,1,1,1,1,1,1,1,1,1,1,1,1,1,1,1,1
"14435",1,1,1,1,1,1,1,1,1,1,-1,1,1,1,1,1,1,1,1,1,1,1,1,1,1,1,1,1,1,1,1,1,1
"14448",1,1,1,1,1,1,1,1,1,1,1,1,1,1,1,1,1,1,1,1,1,1,1,1,1,1,1,1,1,1,1,1,1
"14451",1,1,1,1,1,1,1,1,1,0,1,1,1,1,1,1,1,1,1,1,0,1,1,1,1,1,1,-1,1,-1,1,1,1
"14644",-1,-1,-1,1,1,1,1,-1,1,1,1,1,-1,1,1,-1,-1,-1,1,-1,-1,-1,1,-1,1,1,-1,-1,-1,-1,-1,1,-1
"14647",-1,-1,-1,1,-1,-1,-1,-1,1,1,1,1,-1,-1,1,-1,-1,-1,1,1,-1,1,1,-1,1,1,-1,-1,-1,-1,-1,1,-1
"14657",-1,-1,-1,1,-1,-1,-1,-1,-1,1,-1,-1,-1,-1,-1,-1,-1,-1,1,-1,-1,-1,-1,-1,1,1,-1,-1,-1,-1,-1,1,-1
"14675",1,-1,-1,1,1,1,1,-1,1,1,-1,1,-1,-1,-1,-1,-1,-1,1,-1,1,1,1,1,1,1,-1,-1,-1,-1,-1,1,-1
"14813",-1,-1,-1,1,1,-1,-1,1,-1,-1,1,1,-1,-1,1,-1,-1,1,1,1,-1,-1,1,1,1,1,-1,-1,-1,-1,-1,1,-1
"14824",1,1,1,1,1,1,1,1,1,1,-1,1,1,1,1,1,1,1,1,1,1,1,-1,1,1,1,1,1,1,1,1,1,1
"14854",-1,-1,-1,1,-1,1,1,-1,1,1,1,1,1,-1,1,-1,-1,-1,1,1,-1,1,1,-1,1,1,-1,-1,-1,-1,-1,1,-1
"14863",1,1,-1,1,1,1,1,1,1,1,1,1,1,-1,1,1,1,-1,1,1,1,1,1,1,1,1,-1,-1,-1,-1,-1,1,-1
"14869",1,-1,-1,1,1,1,1,1,1,1,1,1,1,-1,1,-1,-1,-1,1,-1,1,1,1,-1,1,1,-1,-1,-1,-1,-1,1,-1
"14873",1,1,1,1,1,1,1,1,1,1,1,1,1,1,1,1,1,1,1,1,1,1,1,1,1,1,1,1,1,1,1,1,1
"15000",1,1,1,1,1,1,1,1,1,1,1,1,1,1,1,1,1,1,1,0,1,1,1,1,1,1,1,1,1,1,1,1,1
"15005",1,1,1,1,1,1,1,1,1,1,1,1,1,1,1,1,1,1,1,1,1,1,1,1,1,1,1,1,1,1,1,1,1
"15010",0,1,1,1,1,1,1,1,1,1,1,1,1,1,1,1,1,1,1,1,1,1,1,1,1,1,1,-1,1,-1,0,1,1
"15014",-1,-1,-1,1,-1,-1,-1,-1,1,-1,1,-1,-1,-1,1,-1,-1,1,1,-1,-1,1,1,1,1,1,-1,-1,-1,-1,-1,1,-1
"15019",1,1,-1,1,1,1,1,1,1,1,-1,1,1,1,1,1,1,1,1,1,1,1,1,1,1,1,1,1,1,-1,0,1,-1
"15029",1,1,1,0,1,1,1,1,1,1,-1,0,1,1,1,1,1,1,0,1,1,1,1,1,1,0,0,-1,1,1,1,1,1
"15033",1,1,1,1,1,1,1,0,1,1,1,1,1,1,1,1,1,1,1,1,1,1,1,1,1,1,1,1,1,1,1,1,1
"15049",1,1,1,1,1,1,1,1,1,1,1,1,1,1,1,1,1,1,1,1,1,1,1,1,1,1,1,-1,1,1,1,1,1
"15064",1,1,1,1,1,1,1,1,1,1,1,1,1,1,1,1,1,1,1,1,1,1,0,1,1,1,1,1,1,1,1,1,1
"15072",1,1,1,1,1,1,1,1,1,1,-1,1,1,1,1,1,1,1,1,1,1,1,-1,1,1,1,1,1,1,1,1,1,1
"15083",1,1,1,1,1,1,1,1,1,1,1,1,1,1,1,1,1,1,1,1,1,1,1,1,1,1,1,1,1,1,1,1,1
"15085",-1,-1,-1,1,-1,-1,1,-1,1,1,1,-1,-1,-1,1,-1,-1,-1,1,0,-1,-1,1,1,-1,1,-1,-1,-1,-1,-1,1,0
"15092",-1,-1,-1,1,-1,-1,-1,-1,-1,1,1,1,-1,-1,1,-1,-1,-1,1,0,1,1,1,1,1,1,-1,-1,-1,-1,-1,1,-1
"15100",1,1,1,1,1,1,1,1,1,1,1,1,1,1,1,1,1,1,1,1,1,1,1,1,1,1,1,1,1,1,1,1,1
"15104",1,1,-1,1,1,1,1,1,1,1,1,1,1,0,1,1,1,1,1,1,1,1,1,1,1,1,1,1,1,1,1,1,1
"15124",1,1,1,1,1,1,1,1,1,1,1,1,1,1,1,1,1,1,1,1,1,1,1,1,1,1,1,-1,-1,1,1,1,1
"15245",1,1,1,1,1,1,1,1,1,1,1,1,1,1,1,1,1,1,1,1,0,1,1,1,0,1,1,1,1,NA,NA,NA,NA
"15410",1,1,1,1,1,1,1,1,1,1,1,1,1,0,1,1,0,1,1,1,1,1,1,1,1,1,1,1,1,1,1,1,1
"15413",-1,-1,-1,1,-1,1,1,1,1,1,1,1,-1,-1,1,-1,-1,-1,1,1,-1,1,1,-1,1,1,-1,-1,-1,-1,-1,1,-1
"15420",-1,-1,-1,1,-1,-1,1,-1,-1,1,1,1,-1,-1,1,-1,-1,-1,1,1,-1,-1,1,-1,1,1,-1,-1,-1,-1,-1,1,-1
"15431",1,1,1,0,1,1,1,1,1,1,-1,1,0,0,0,0,1,1,1,1,1,1,-1,1,1,1,0,1,1,1,1,0,1
"15438",1,1,1,1,1,1,1,1,1,1,1,1,1,1,1,1,1,1,1,1,1,1,1,1,1,1,1,1,1,1,1,1,1
"15444",1,1,1,1,1,1,1,1,1,1,1,1,1,1,1,1,1,1,1,1,1,1,1,1,1,1,1,0,1,1,1,1,1
"15445",-1,-1,-1,1,-1,-1,1,1,-1,1,1,1,-1,-1,1,-1,-1,-1,1,-1,-1,-1,1,-1,-1,0,-1,-1,-1,-1,-1,0,-1
"15446",1,-1,-1,1,1,1,1,1,1,1,1,1,-1,-1,1,-1,-1,-1,1,1,-1,1,1,1,1,1,-1,-1,-1,-1,-1,1,-1
"15453",1,1,1,1,1,1,1,1,1,1,-1,1,1,-1,1,1,1,1,1,0,1,1,1,1,1,1,1,1,1,1,1,1,1
"15454",1,0,1,1,1,1,1,1,1,1,1,1,1,1,1,1,1,1,1,1,1,1,1,1,1,1,1,1,1,1,1,1,1
"15455",-1,-1,-1,-1,-1,-1,1,1,1,-1,-1,-1,-1,-1,-1,-1,-1,-1,1,-1,-1,-1,-1,1,-1,1,-1,-1,-1,-1,-1,1,-1
"15603",1,1,1,1,1,1,1,1,1,1,1,1,1,1,1,1,1,1,1,1,1,1,1,1,1,1,1,1,1,1,1,1,1
"15612",1,1,1,1,1,1,1,1,1,1,1,1,1,1,1,1,1,1,1,1,1,1,1,1,1,1,1,1,1,1,1,1,1
"15613",1,1,1,1,1,1,1,1,1,1,-1,1,1,1,1,1,1,1,1,1,1,1,-1,1,1,1,1,1,1,1,1,1,1
"15616",1,1,1,1,1,1,1,1,1,1,-1,1,1,1,1,1,1,1,1,0,1,1,1,1,1,1,1,1,1,1,1,0,1
"15619",1,1,1,1,1,1,1,1,1,1,-1,1,1,1,1,1,1,1,1,1,1,1,-1,1,1,1,1,1,1,1,1,1,1
"15621",-1,-1,-1,-1,-1,-1,1,-1,1,1,1,-1,-1,-1,1,-1,-1,-1,1,-1,-1,-1,1,-1,0,1,-1,-1,-1,-1,-1,1,-1
"15627",-1,-1,-1,1,-1,-1,1,-1,1,1,1,1,-1,-1,1,-1,-1,1,1,-1,-1,-1,1,1,1,1,-1,-1,-1,-1,-1,1,-1
"15628",1,1,1,1,1,1,1,1,1,1,0,1,-1,-1,1,-1,1,1,1,1,1,1,1,1,1,1,1,1,1,-1,1,1,1
"15634",1,-1,-1,0,1,1,1,1,1,1,1,1,1,1,1,1,1,1,1,1,1,1,1,1,1,1,-1,-1,-1,-1,-1,1,-1
"15637",1,1,-1,1,1,1,1,1,1,1,1,-1,-1,-1,1,-1,-1,-1,1,0,-1,1,1,1,1,1,-1,-1,-1,-1,1,1,-1
"20100",-1,-1,-1,-1,-1,-1,-1,-1,-1,-1,-1,-1,-1,-1,-1,0,-1,-1,-1,-1,-1,-1,-1,-1,-1,1,-1,-1,-1,-1,-1,1,-1
"20101",-1,-1,-1,1,-1,-1,1,-1,1,1,1,1,-1,-1,1,-1,-1,-1,1,1,-1,1,1,-1,-1,1,-1,-1,-1,-1,-1,1,-1
"20102",1,1,1,1,1,1,1,1,1,1,1,1,1,1,1,1,1,1,1,1,1,1,1,1,-1,1,1,-1,1,-1,1,1,1
"20103",1,1,1,1,1,1,1,1,1,1,-1,0,1,1,1,1,1,1,1,1,1,1,1,1,1,1,1,1,1,1,1,1,1
"20104",1,1,1,1,1,1,1,1,1,1,1,1,1,1,1,1,1,1,1,1,1,1,1,1,1,1,1,1,1,1,1,1,1
"20106",1,1,1,1,1,1,1,1,1,1,-1,1,1,1,1,1,1,1,1,1,1,1,1,1,1,1,1,1,1,1,1,1,1
"20107",-1,-1,-1,1,-1,-1,-1,-1,1,1,1,-1,-1,-1,1,-1,-1,1,1,-1,-1,-1,1,1,1,1,-1,-1,-1,-1,0,1,-1
"20108",1,1,1,1,1,1,1,1,1,1,1,1,1,1,1,1,1,1,1,1,1,1,1,1,1,1,1,1,1,1,1,1,1
"20110",-1,-1,-1,1,-1,-1,-1,-1,-1,-1,1,-1,-1,0,1,-1,-1,-1,1,-1,-1,1,1,-1,-1,1,-1,-1,-1,-1,-1,1,-1
"20111",-1,-1,-1,1,-1,1,1,1,1,1,1,1,-1,1,1,-1,-1,1,1,1,-1,1,1,-1,1,1,-1,-1,-1,-1,-1,1,-1
"20113",-1,-1,-1,0,-1,1,1,1,1,1,1,1,-1,-1,1,-1,1,1,1,-1,-1,1,1,1,1,1,-1,-1,-1,-1,-1,1,-1
"20115",1,-1,-1,1,1,1,1,1,1,1,1,1,-1,1,1,1,-1,1,1,1,-1,1,1,1,0,1,-1,-1,-1,-1,-1,1,-1
"20116",-1,-1,-1,1,1,1,1,1,1,1,-1,1,-1,-1,-1,-1,-1,-1,1,-1,-1,1,-1,-1,1,1,-1,-1,-1,-1,-1,1,-1
"20117",-1,-1,-1,1,-1,-1,-1,-1,0,-1,1,-1,-1,-1,-1,-1,-1,1,1,-1,-1,1,1,-1,1,1,-1,-1,-1,-1,-1,1,-1
"20119",1,0,1,1,1,1,1,1,1,1,1,1,1,1,1,1,1,1,1,1,1,1,1,1,1,1,1,0,1,1,1,1,1
"20120",-1,-1,-1,1,-1,1,1,-1,1,1,1,1,-1,-1,1,-1,-1,-1,1,-1,-1,1,1,1,1,1,-1,-1,-1,-1,-1,1,-1
"20122",1,1,1,1,1,1,1,1,1,1,1,1,1,1,1,1,1,1,1,1,1,1,1,1,1,1,1,1,1,1,1,1,1
"20123",-1,-1,-1,1,-1,-1,-1,-1,1,-1,1,-1,-1,-1,1,-1,-1,0,1,1,-1,-1,1,-1,-1,1,-1,-1,-1,-1,-1,1,-1
"20124",-1,-1,-1,1,-1,-1,-1,-1,1,1,1,1,-1,-1,1,-1,-1,0,0,0,-1,1,1,-1,1,1,-1,-1,-1,-1,-1,1,-1
"20125",1,-1,-1,1,-1,1,1,1,1,1,1,1,-1,-1,1,-1,-1,-1,1,1,-1,1,1,1,1,1,-1,-1,-1,-1,-1,1,-1
"20129",1,1,1,1,1,1,1,1,1,1,1,1,1,1,1,1,1,1,1,1,1,1,1,1,1,1,1,1,1,1,1,1,1
"20130",1,0,-1,1,-1,1,1,1,1,1,1,1,-1,-1,1,-1,-1,1,1,1,-1,1,1,1,1,1,-1,-1,-1,-1,-1,1,-1
"20131",0,-1,-1,1,-1,1,-1,-1,1,-1,1,1,0,0,0,0,-1,1,1,-1,-1,-1,1,-1,-1,1,-1,-1,-1,-1,-1,1,-1
"20134",-1,-1,-1,1,-1,-1,-1,-1,1,1,1,1,-1,-1,1,-1,-1,1,1,1,-1,1,1,1,1,1,-1,-1,-1,-1,-1,1,-1
"20135",1,-1,-1,1,1,1,1,1,1,1,1,1,1,-1,1,-1,-1,1,1,-1,-1,1,1,1,1,1,-1,-1,-1,-1,-1,1,-1
"20136",1,1,1,1,1,1,1,1,1,1,1,1,1,1,1,1,1,1,1,1,1,1,1,1,1,1,1,1,1,1,1,1,1
"20137",-1,-1,-1,1,-1,-1,1,1,1,1,1,1,-1,-1,1,-1,-1,-1,1,-1,-1,1,1,-1,1,1,-1,-1,-1,-1,-1,1,0
"20138",-1,-1,-1,1,-1,-1,-1,-1,-1,1,1,1,-1,-1,1,-1,-1,1,1,-1,-1,-1,1,-1,1,1,-1,-1,-1,-1,-1,1,-1
"20139",-1,-1,-1,1,-1,-1,0,-1,1,-1,1,-1,-1,-1,1,-1,-1,-1,1,-1,-1,-1,1,-1,-1,1,-1,-1,-1,-1,-1,1,-1
"20140",1,1,1,1,1,1,1,1,1,1,1,1,-1,-1,1,-1,-1,-1,1,-1,-1,1,1,1,-1,1,1,1,1,-1,-1,1,1
"20143",-1,-1,-1,1,-1,-1,1,-1,1,1,1,1,-1,-1,1,-1,-1,-1,1,1,-1,1,1,-1,1,1,-1,-1,-1,-1,-1,1,-1
"20144",-1,-1,-1,1,-1,-1,1,1,-1,1,1,1,-1,-1,1,-1,-1,1,1,-1,-1,-1,1,-1,-1,1,-1,-1,-1,-1,-1,1,-1
"20145",1,1,1,1,1,1,1,1,1,1,1,1,1,1,1,1,1,1,1,1,1,1,1,1,1,1,1,1,1,1,1,1,1
"20146",1,-1,-1,1,1,1,1,1,1,1,1,1,1,1,1,-1,-1,1,1,1,-1,1,1,1,1,1,-1,-1,-1,-1,-1,1,-1
"20147",1,1,1,1,1,1,1,1,1,1,1,1,1,1,1,1,1,1,1,1,1,1,1,1,1,1,1,1,1,1,1,1,1
"20300",-1,-1,-1,1,-1,-1,-1,-1,-1,1,1,1,-1,-1,1,-1,-1,1,1,-1,-1,1,1,-1,1,1,-1,-1,-1,-1,-1,1,-1
"20301",1,-1,-1,1,-1,-1,1,1,1,1,1,1,-1,-1,1,-1,1,1,1,-1,-1,1,1,1,1,1,-1,-1,-1,-1,-1,1,-1
"20302",1,1,1,1,1,1,1,1,1,1,1,1,-1,0,1,1,1,1,1,0,1,1,1,1,1,1,1,1,1,-1,0,0,1
"20304",-1,-1,-1,-1,-1,-1,-1,-1,-1,-1,1,-1,-1,-1,-1,-1,-1,-1,1,-1,-1,-1,1,-1,-1,1,-1,-1,-1,-1,-1,1,-1
"20305",1,1,1,1,1,1,1,0,1,1,-1,1,1,1,1,1,1,1,1,1,1,1,1,1,0,1,1,1,1,1,1,1,1
"20306",1,1,1,1,1,1,1,0,1,1,1,0,1,1,1,1,1,1,1,1,1,1,1,1,1,1,1,1,1,1,1,1,1
"20307",-1,-1,-1,1,-1,-1,-1,-1,-1,1,1,1,-1,-1,1,-1,-1,-1,1,1,-1,-1,1,-1,-1,1,-1,-1,-1,-1,-1,1,-1
"20310",1,1,1,1,1,1,1,1,1,1,0,0,0,0,1,1,1,1,1,1,1,1,1,1,1,1,1,1,1,1,1,1,1
"20313",-1,0,0,1,-1,1,1,1,1,1,1,1,-1,-1,1,-1,1,-1,1,1,-1,1,1,1,1,1,-1,-1,-1,-1,-1,1,-1
"20316",1,-1,-1,1,-1,1,1,-1,1,1,1,0,1,1,1,-1,1,1,1,1,1,1,1,1,1,1,-1,-1,-1,-1,-1,1,-1
"20317",-1,1,1,1,-1,1,1,1,1,1,1,1,1,-1,1,1,1,1,0,1,-1,1,1,-1,1,0,1,1,1,-1,1,1,1
"20319",-1,-1,-1,1,-1,-1,-1,-1,-1,-1,1,-1,-1,-1,-1,-1,-1,-1,1,-1,-1,-1,1,1,-1,1,-1,-1,-1,-1,-1,1,-1
"20321",1,1,1,1,1,1,1,1,1,1,1,1,1,1,1,1,1,1,1,1,1,1,1,1,1,1,1,1,1,1,1,1,1
"20325",-1,-1,-1,0,-1,-1,-1,-1,-1,-1,1,-1,-1,-1,1,-1,-1,-1,1,-1,-1,1,1,-1,-1,1,-1,-1,-1,-1,-1,1,-1
"20326",1,1,1,1,1,1,1,1,1,1,1,1,1,1,1,1,1,1,1,1,1,1,1,1,1,1,1,-1,1,-1,1,1,1
"20328",1,1,1,1,1,1,1,1,1,1,-1,1,1,1,1,1,1,1,1,1,1,1,1,1,1,1,1,1,1,1,1,1,1
"20329",1,1,1,1,1,1,1,1,1,1,1,1,1,1,1,1,1,1,1,1,1,1,1,1,1,1,1,1,1,1,1,0,1
"20330",1,1,1,1,1,1,1,1,1,1,1,1,1,1,1,1,1,1,1,1,1,1,1,1,1,1,1,1,1,1,1,1,1
"20331",1,-1,-1,1,1,1,1,1,1,1,1,1,-1,-1,1,1,1,1,1,1,-1,1,1,1,1,1,-1,-1,-1,-1,-1,1,-1
"20332",1,-1,-1,1,-1,1,-1,-1,1,1,1,1,-1,-1,1,-1,-1,1,1,1,-1,1,1,1,1,1,-1,-1,-1,-1,-1,1,-1
"20333",-1,-1,-1,1,-1,-1,-1,-1,-1,-1,1,1,-1,-1,1,-1,-1,1,1,-1,-1,1,1,1,-1,1,-1,-1,-1,-1,-1,1,-1
"20336",-1,-1,-1,1,-1,-1,-1,-1,-1,-1,1,-1,-1,-1,-1,-1,-1,1,1,-1,-1,-1,1,-1,1,1,-1,-1,-1,-1,-1,1,-1
"20338",1,1,1,1,1,1,1,1,1,1,1,1,1,0,1,1,1,1,1,1,1,1,1,1,1,1,1,1,1,1,1,1,1
"20340",1,1,1,1,1,1,1,1,1,1,1,1,1,1,1,1,1,1,1,1,1,1,1,1,1,1,1,1,1,1,1,1,1
"20341",1,1,1,1,1,1,1,1,1,1,1,1,1,1,1,1,1,1,1,1,1,1,1,1,1,1,1,1,1,1,1,1,1
"20342",1,-1,-1,1,1,1,1,1,1,1,1,1,1,-1,1,1,1,1,1,1,1,1,1,1,1,1,-1,-1,-1,-1,-1,1,-1
"20343",1,1,1,1,1,1,1,1,1,1,1,1,1,1,1,1,1,1,1,1,1,1,1,1,1,1,1,1,1,1,1,1,1
"20344",-1,-1,-1,1,-1,1,-1,-1,1,-1,1,1,-1,1,1,1,-1,1,1,-1,-1,1,1,-1,-1,1,-1,-1,-1,-1,-1,1,-1
"20345",1,-1,-1,1,1,1,1,1,1,1,1,1,1,-1,1,-1,-1,1,1,1,-1,1,1,1,0,1,-1,-1,-1,-1,-1,1,-1
"20346",1,-1,-1,1,-1,1,-1,1,1,1,1,1,1,-1,1,1,1,1,1,1,1,1,0,1,1,1,-1,-1,-1,-1,1,1,-1
"20347",-1,-1,-1,1,-1,-1,-1,-1,-1,-1,1,0,-1,0,-1,-1,-1,-1,0,0,0,-1,1,-1,0,1,0,-1,-1,-1,0,0,0
"20349",1,1,1,1,1,1,1,1,-1,1,1,1,1,1,1,1,1,-1,1,1,1,1,1,-1,1,1,1,1,1,-1,-1,1,-1
"20350",1,1,1,1,1,1,0,-1,1,1,1,1,1,1,1,1,1,1,1,1,1,1,1,1,1,1,1,-1,1,-1,1,1,1
"20351",-1,-1,-1,1,-1,-1,-1,-1,-1,-1,1,-1,-1,-1,-1,-1,-1,-1,1,-1,-1,-1,1,-1,1,1,-1,-1,-1,-1,-1,1,-1
"20352",-1,-1,-1,1,-1,-1,-1,-1,-1,-1,1,-1,-1,-1,-1,-1,-1,-1,1,-1,-1,-1,1,-1,-1,1,-1,-1,-1,-1,-1,1,-1
"20353",-1,-1,-1,1,-1,-1,-1,-1,-1,-1,1,-1,-1,-1,-1,-1,-1,-1,1,-1,-1,-1,1,-1,-1,0,-1,-1,-1,-1,-1,1,-1
"20355",-1,-1,-1,1,-1,-1,-1,-1,0,-1,1,-1,-1,-1,-1,-1,-1,-1,1,-1,-1,-1,1,-1,-1,1,-1,-1,-1,-1,-1,1,-1
"20356",-1,-1,-1,1,-1,-1,-1,-1,1,-1,1,1,-1,1,1,-1,-1,-1,1,-1,-1,-1,1,-1,-1,1,0,-1,-1,-1,-1,1,-1
"20357",-1,-1,-1,1,-1,-1,-1,-1,-1,-1,1,1,-1,-1,-1,-1,-1,-1,1,-1,0,0,1,-1,0,1,-1,-1,-1,-1,-1,1,-1
"20358",1,1,1,1,1,1,1,1,1,1,1,1,1,1,1,1,1,1,1,1,1,1,1,1,0,1,1,1,-1,1,1,1,0
"20501",1,1,1,1,1,1,1,1,1,1,1,1,1,1,1,1,1,1,1,1,1,1,1,1,1,1,1,1,1,1,1,1,1
"20502",1,1,1,1,1,1,1,0,1,1,1,1,1,1,1,1,1,1,1,1,1,1,1,0,1,1,1,1,1,1,1,1,1
"20503",-1,-1,-1,1,-1,-1,-1,-1,-1,-1,1,-1,-1,-1,1,-1,-1,1,1,-1,-1,-1,1,-1,-1,1,-1,-1,-1,-1,-1,1,-1
"20504",1,1,1,1,1,1,1,1,1,1,1,1,1,1,1,1,1,1,1,1,1,1,1,1,1,1,1,1,1,1,0,1,1
"20505",-1,-1,-1,1,-1,-1,-1,-1,-1,-1,1,-1,-1,-1,1,-1,-1,1,1,-1,-1,-1,1,-1,-1,1,-1,-1,-1,-1,-1,1,-1
"20506",-1,-1,-1,1,-1,-1,-1,0,-1,-1,1,-1,-1,0,-1,-1,-1,1,1,0,-1,-1,1,-1,-1,1,-1,-1,-1,-1,-1,1,-1
"20507",1,1,1,1,1,1,1,1,1,1,1,1,1,1,1,1,1,1,1,1,1,1,1,1,1,1,1,1,1,-1,1,1,1
"20508",1,1,1,1,1,1,1,1,1,1,1,1,1,1,1,-1,1,1,1,1,1,1,1,1,1,1,1,1,1,1,1,1,1
"20509",1,1,1,1,1,1,-1,1,1,1,1,1,1,-1,1,1,-1,1,1,1,1,1,1,1,1,1,-1,1,1,1,1,1,1
"20511",-1,-1,-1,1,-1,-1,1,-1,-1,-1,1,1,-1,-1,1,-1,-1,-1,1,-1,-1,1,1,1,1,1,-1,-1,-1,-1,-1,1,-1
"20513",1,1,1,1,1,1,1,1,1,1,1,1,1,1,1,0,1,1,1,1,1,1,1,1,-1,1,1,1,-1,-1,1,1,1
"20514",-1,-1,-1,1,-1,0,0,-1,1,-1,1,1,-1,-1,1,-1,-1,-1,1,1,-1,1,1,1,1,1,-1,-1,-1,-1,-1,1,-1
"20516",1,1,1,1,1,1,1,1,1,1,1,1,1,1,1,1,1,1,1,1,1,1,1,1,1,1,1,1,1,1,1,1,1
"20517",1,1,1,1,1,1,1,1,1,1,1,1,1,1,1,1,1,1,1,1,1,1,1,1,1,1,1,1,1,1,1,1,1
"20518",-1,-1,-1,1,1,1,1,1,1,0,1,1,-1,-1,1,-1,1,-1,1,1,-1,1,1,-1,-1,1,-1,-1,-1,-1,-1,1,-1
"20519",1,1,1,1,1,1,1,1,1,1,1,1,1,1,1,1,1,1,1,1,1,1,1,1,1,1,1,1,1,1,1,1,1
"20521",-1,-1,-1,1,-1,-1,-1,-1,-1,-1,1,-1,-1,-1,-1,-1,-1,-1,1,-1,-1,-1,1,-1,-1,1,-1,-1,-1,-1,-1,1,-1
"20522",-1,-1,-1,1,-1,-1,-1,-1,-1,-1,1,-1,-1,-1,1,-1,-1,-1,1,-1,-1,1,1,-1,1,1,-1,-1,-1,-1,-1,1,-1
"20523",1,-1,1,1,-1,1,1,1,1,1,1,1,1,1,1,1,1,1,1,1,1,1,1,1,-1,1,1,-1,1,-1,1,1,1
"20525",1,1,1,1,1,1,1,1,1,1,1,1,1,1,1,1,1,1,1,1,1,1,1,1,1,1,1,1,1,1,1,1,1
"20526",1,-1,-1,1,1,1,1,1,1,1,1,1,1,-1,1,-1,-1,1,1,1,-1,1,1,-1,1,1,-1,-1,-1,-1,-1,1,-1
"20527",-1,-1,-1,1,-1,0,-1,-1,-1,1,1,-1,-1,-1,-1,-1,-1,-1,1,-1,-1,-1,1,0,-1,1,-1,-1,-1,-1,-1,1,-1
"20528",-1,-1,-1,1,-1,-1,-1,-1,-1,-1,1,-1,-1,-1,1,-1,-1,-1,1,-1,-1,1,1,1,-1,1,-1,-1,-1,-1,-1,1,-1
"20529",1,1,1,1,1,1,1,1,1,1,1,1,1,1,1,1,1,1,1,1,1,1,1,1,1,1,1,1,1,1,1,1,1
"20530",-1,-1,-1,1,-1,-1,1,1,1,1,1,1,-1,-1,1,-1,-1,-1,1,-1,-1,-1,1,0,-1,1,-1,-1,-1,-1,-1,1,-1
"20531",-1,-1,-1,1,-1,-1,-1,-1,-1,-1,1,-1,-1,-1,1,-1,-1,-1,1,-1,-1,-1,1,-1,-1,1,-1,-1,-1,-1,-1,1,-1
"20532",-1,-1,-1,1,-1,-1,-1,-1,-1,1,1,-1,-1,-1,1,-1,-1,-1,0,-1,-1,-1,1,1,-1,1,-1,-1,-1,-1,-1,1,-1
"20533",1,1,1,1,1,1,1,1,1,1,1,1,1,1,1,1,1,1,1,1,1,1,1,1,1,0,1,-1,1,1,1,1,1
"20535",-1,-1,-1,1,-1,1,1,1,-1,1,0,1,-1,-1,1,-1,-1,-1,1,1,-1,1,1,-1,1,1,-1,-1,-1,-1,-1,1,-1
"20536",1,-1,-1,1,1,1,1,1,1,1,1,1,1,-1,1,1,-1,1,1,1,1,1,1,1,1,1,-1,-1,-1,-1,0,1,-1
"20537",1,1,1,1,1,1,1,1,1,1,1,1,1,1,1,1,1,1,1,1,1,1,-1,1,1,1,1,1,1,1,1,1,0
"20538",1,1,1,1,1,1,1,1,1,1,-1,1,1,1,1,1,1,1,1,1,1,1,1,1,1,1,1,1,1,1,1,1,1
"20539",-1,-1,-1,0,-1,-1,-1,-1,1,-1,-1,-1,-1,-1,-1,-1,-1,-1,-1,-1,-1,-1,-1,1,1,1,-1,-1,-1,-1,-1,1,-1
"20540",-1,-1,-1,1,-1,-1,1,-1,-1,1,1,1,-1,-1,1,-1,-1,1,1,1,-1,1,1,-1,1,1,-1,-1,-1,-1,-1,1,-1
"20542",1,1,1,1,1,1,1,1,1,1,1,1,1,1,1,1,1,1,1,1,1,1,1,1,1,1,1,1,1,1,1,1,1
"20700",1,1,1,1,1,1,-1,1,1,1,1,1,1,-1,1,-1,-1,1,1,1,1,1,1,-1,1,1,-1,-1,-1,1,1,1,-1
"20701",1,1,1,1,1,1,1,1,1,1,1,1,1,-1,1,1,1,1,1,1,1,1,1,-1,1,1,1,1,-1,1,1,1,1
"20702",1,1,1,1,1,1,1,1,1,1,1,1,1,-1,1,1,1,1,1,1,1,1,1,1,1,1,1,1,-1,1,1,1,1
"20703",-1,-1,-1,1,-1,-1,-1,1,-1,1,1,1,-1,-1,1,-1,-1,1,1,1,-1,-1,1,-1,1,1,-1,-1,-1,-1,-1,1,-1
"20704",-1,-1,-1,1,-1,-1,-1,-1,-1,-1,1,-1,-1,-1,1,-1,-1,1,1,-1,-1,-1,1,-1,-1,1,-1,-1,-1,-1,-1,1,-1
"20705",1,1,1,1,1,1,1,1,1,1,1,1,1,1,1,1,1,1,1,1,1,1,1,1,-1,1,1,1,1,1,1,1,1
"20706",1,1,1,1,1,1,1,1,1,1,1,1,1,1,1,1,1,1,1,1,1,1,1,1,-1,1,1,1,1,1,1,1,1
"20707",1,1,1,1,1,1,1,1,1,1,1,1,1,1,0,1,1,1,1,1,0,1,1,1,-1,1,1,1,1,1,-1,1,1
"20708",1,1,1,1,1,1,1,1,1,1,1,1,1,1,1,1,1,1,1,0,1,1,1,1,1,1,1,1,1,1,1,1,1
"20709",1,-1,-1,0,-1,1,1,1,1,1,1,1,-1,-1,1,-1,-1,1,1,1,-1,1,1,0,1,1,-1,-1,-1,-1,-1,1,-1
"20711",1,1,1,1,1,1,1,1,1,1,1,1,1,1,1,1,1,1,0,1,1,1,1,1,1,1,-1,1,1,1,1,1,1
"20712",1,1,1,0,1,1,1,1,1,1,1,1,1,1,1,1,1,1,1,1,1,1,1,1,1,1,1,1,1,1,1,1,1
"20713",1,1,1,1,1,1,1,1,1,1,1,1,1,1,1,1,1,1,1,1,1,1,1,1,1,1,1,1,1,1,1,1,1
"20715",-1,-1,-1,1,-1,-1,1,1,-1,1,1,1,-1,-1,1,-1,-1,1,1,-1,-1,1,1,-1,-1,1,-1,-1,-1,-1,-1,1,-1
"20716",1,1,1,1,1,1,1,1,1,1,1,1,1,1,1,1,1,1,1,1,1,1,1,1,1,1,1,1,1,1,1,1,1
"20717",1,1,1,1,1,1,1,1,1,1,1,1,1,-1,1,-1,1,1,1,1,1,1,1,1,1,1,1,1,-1,1,1,1,1
"20718",1,1,-1,1,1,1,1,1,1,1,1,1,1,1,1,1,1,1,1,1,1,1,1,1,1,1,1,1,-1,1,1,1,1
"20719",1,1,1,1,1,1,1,1,1,1,1,1,1,1,1,1,1,1,1,1,1,1,1,1,-1,1,1,1,1,1,1,1,1
"20720",1,1,1,1,1,1,1,1,1,1,1,1,1,1,1,1,1,1,1,1,1,1,1,1,0,1,1,1,1,1,1,1,1
"20723",1,1,1,1,1,1,1,1,1,1,1,1,1,1,1,1,1,1,1,1,1,1,1,1,1,1,1,1,1,1,1,1,1
"20724",1,1,1,1,1,1,1,1,1,1,1,1,1,1,1,1,1,1,1,1,1,1,1,1,1,1,1,1,1,1,1,1,1
"20726",1,1,1,1,1,1,1,1,1,1,1,1,1,1,1,1,1,1,1,1,1,1,1,1,1,1,1,1,1,1,1,1,1
"20727",1,1,1,0,1,1,1,1,1,1,-1,1,0,1,1,1,1,1,1,1,1,1,-1,1,1,1,1,1,1,1,1,1,1
"20728",-1,-1,-1,1,-1,-1,-1,-1,-1,-1,1,-1,0,0,1,-1,-1,1,1,-1,-1,1,1,-1,-1,1,-1,-1,-1,-1,-1,1,-1
"20729",-1,-1,-1,1,-1,-1,-1,-1,-1,-1,1,1,-1,-1,1,-1,-1,-1,1,1,-1,1,1,-1,-1,1,-1,-1,-1,-1,-1,1,-1
"20730",-1,-1,-1,1,-1,1,1,-1,-1,1,1,1,-1,-1,1,1,-1,0,0,-1,-1,1,1,-1,1,1,-1,-1,-1,-1,-1,1,-1
"20731",1,1,1,1,1,1,1,1,1,1,-1,1,1,1,1,1,1,1,1,1,1,1,1,1,1,1,1,1,1,1,1,1,1
"20732",1,1,1,1,1,1,1,1,1,1,1,1,1,1,1,1,1,1,1,1,1,1,1,1,-1,1,1,1,-1,1,1,1,1
"20733",1,1,1,0,1,1,1,1,1,1,-1,1,1,1,1,1,1,1,1,1,1,1,1,1,1,1,1,1,1,1,1,1,1
"20734",1,1,1,1,0,1,1,1,1,1,1,1,1,1,1,1,1,1,1,1,1,1,1,1,1,1,1,1,1,1,1,1,1
"20736",1,1,1,1,1,1,1,1,1,1,1,1,1,-1,1,1,1,1,1,1,1,1,1,1,1,1,1,1,1,-1,1,1,1
"20737",1,1,-1,1,1,1,1,-1,1,1,1,1,1,1,1,1,1,1,1,1,1,1,1,1,1,1,1,1,1,-1,1,1,1
"20738",-1,-1,-1,1,-1,-1,-1,-1,-1,-1,1,-1,-1,-1,1,-1,-1,-1,1,-1,-1,-1,1,-1,-1,1,-1,-1,-1,-1,-1,1,-1
"20739",1,1,1,1,1,1,1,1,1,1,1,1,1,1,1,1,1,1,1,1,1,1,1,1,1,1,1,1,1,1,1,1,1
"20740",1,1,1,1,1,1,1,1,1,1,1,1,0,1,1,1,1,1,1,1,1,1,1,1,1,1,1,1,1,1,1,1,1
"20741",1,1,1,1,1,1,1,1,1,1,1,1,1,1,1,1,1,1,1,1,1,1,1,1,1,1,1,-1,-1,-1,1,1,1
"20742",-1,-1,-1,1,-1,-1,-1,1,1,1,1,1,1,-1,1,-1,-1,-1,1,-1,-1,1,1,-1,-1,1,-1,-1,-1,-1,-1,1,-1
"20743",1,1,1,1,1,1,1,1,1,1,1,1,1,-1,1,1,-1,1,1,1,1,1,1,1,1,1,1,1,1,-1,1,1,1
"20744",1,1,1,1,1,1,1,1,1,1,1,1,0,0,1,1,1,1,1,1,1,1,1,1,1,1,1,1,1,1,1,1,1
"20745",1,1,1,1,1,1,1,1,1,1,1,1,1,-1,1,1,1,1,1,1,1,1,1,1,1,1,1,1,1,1,1,1,1
"20746",1,1,1,1,1,1,1,0,1,1,1,1,1,1,1,1,1,1,1,1,1,1,1,1,0,0,1,1,-1,1,1,1,1
"20748",1,1,1,1,1,1,1,1,1,1,-1,1,1,1,1,1,1,1,1,1,1,1,1,1,1,1,1,1,1,1,1,0,1
"20749",1,1,1,1,1,1,1,1,1,1,1,1,1,1,1,1,1,1,1,1,1,1,1,1,1,1,1,1,-1,1,1,1,1
"20750",1,1,1,1,1,1,1,1,1,1,-1,1,1,1,1,1,1,1,1,0,1,1,-1,1,1,1,1,1,1,1,1,1,1
"20751",1,1,1,1,1,1,1,1,1,1,-1,1,1,1,1,1,1,1,1,1,1,1,1,1,1,1,1,1,1,1,1,1,1
"20752",1,1,1,0,1,1,1,1,1,1,1,1,1,1,1,1,1,1,1,1,1,1,1,1,1,1,1,1,1,1,1,1,1
"20753",-1,-1,-1,-1,-1,-1,-1,0,-1,-1,1,-1,-1,-1,-1,-1,-1,-1,1,-1,-1,-1,1,-1,-1,1,-1,-1,-1,-1,-1,1,-1
"20754",1,1,1,1,1,1,1,1,1,1,-1,1,1,1,1,1,1,1,1,1,1,1,1,1,1,0,1,1,1,1,1,1,1
"20755",-1,-1,-1,1,-1,-1,-1,-1,-1,-1,1,1,-1,-1,1,-1,-1,-1,1,-1,-1,-1,1,-1,-1,1,-1,-1,-1,-1,-1,1,-1
"20756",-1,-1,-1,1,1,1,1,1,1,1,1,1,-1,-1,1,-1,-1,-1,1,1,-1,1,1,-1,1,1,-1,-1,-1,-1,-1,1,-1
"20757",1,1,1,1,1,1,1,1,1,1,1,1,1,1,1,1,1,1,1,1,1,1,1,1,1,1,1,1,1,1,1,1,1
"20758",-1,-1,-1,1,-1,1,1,1,1,1,1,1,0,-1,1,-1,-1,1,1,-1,-1,-1,1,-1,1,1,-1,-1,-1,-1,-1,1,-1
"20759",-1,-1,-1,1,-1,-1,-1,-1,-1,1,1,1,-1,-1,1,-1,-1,1,1,1,-1,-1,1,-1,-1,1,-1,-1,-1,-1,1,1,-1
"20761",1,-1,1,1,1,1,1,1,1,1,1,1,1,1,1,-1,1,1,1,1,1,1,1,1,1,1,1,1,-1,-1,1,1,0
"20762",1,1,1,0,1,1,1,1,1,0,-1,0,1,1,1,1,1,1,1,1,1,1,-1,1,1,0,1,1,0,1,1,1,1
"20763",1,1,1,0,1,1,1,1,1,1,-1,1,1,1,1,1,1,1,1,1,1,1,1,1,1,1,1,1,1,1,1,1,1
"20900",-1,-1,-1,1,0,1,1,-1,1,1,1,1,-1,-1,1,-1,1,1,1,1,1,1,1,1,1,1,1,-1,-1,-1,1,1,-1
"20901",1,-1,-1,1,1,1,1,1,1,1,1,1,-1,1,1,1,1,1,1,1,1,1,-1,1,1,1,1,-1,-1,NA,NA,NA,NA
"20902",1,1,1,1,1,1,1,-1,1,1,1,1,1,-1,1,1,1,1,1,1,1,1,1,-1,1,1,1,-1,-1,1,-1,1,1
"20903",-1,-1,-1,1,-1,-1,1,-1,-1,1,1,-1,-1,-1,-1,-1,-1,-1,1,-1,-1,-1,1,-1,-1,1,-1,-1,-1,-1,-1,1,-1
"20904",1,1,1,1,1,1,1,1,1,1,-1,1,0,1,1,1,1,1,1,1,1,1,1,-1,1,1,-1,1,1,1,-1,1,-1
"20905",1,1,1,1,1,1,1,1,1,1,1,1,1,-1,1,-1,0,1,1,1,-1,1,1,1,-1,1,1,1,-1,1,1,1,1
"20906",-1,-1,-1,1,-1,-1,-1,-1,1,1,1,1,-1,-1,1,-1,-1,1,1,1,-1,-1,1,-1,-1,1,-1,-1,-1,-1,-1,1,-1
"20907",1,1,1,1,1,1,1,1,1,1,1,1,1,1,1,1,1,1,1,1,1,1,1,1,1,1,-1,1,1,1,1,1,1
"20908",1,1,1,1,1,1,1,1,1,0,-1,1,1,1,1,1,1,1,1,1,1,1,1,1,1,1,1,1,-1,1,1,1,1
"20909",-1,-1,-1,1,-1,-1,-1,-1,1,1,1,1,-1,-1,1,-1,-1,-1,1,1,-1,1,1,-1,1,1,-1,-1,-1,-1,-1,1,-1
"20910",-1,-1,-1,1,-1,1,1,-1,1,1,1,1,-1,-1,1,-1,1,1,1,1,-1,1,1,-1,1,1,-1,-1,-1,-1,-1,1,-1
"20911",1,1,1,1,0,1,1,1,1,1,1,1,-1,1,1,1,1,1,1,1,1,1,1,1,1,1,1,1,-1,1,1,1,1
"20912",1,1,-1,1,1,1,-1,1,1,1,1,1,0,-1,1,-1,1,1,1,1,-1,1,1,1,1,1,1,1,-1,-1,1,1,1
"20913",1,1,1,1,1,1,1,1,1,1,1,1,1,1,1,1,1,1,1,1,1,1,1,1,1,1,1,-1,-1,1,1,1,1
"20914",-1,-1,-1,1,-1,1,1,1,1,1,1,1,-1,-1,1,-1,1,1,1,1,-1,1,1,-1,1,1,-1,-1,-1,-1,-1,1,-1
"20915",-1,-1,-1,-1,-1,-1,-1,-1,-1,1,1,1,-1,-1,-1,-1,1,1,1,-1,-1,1,1,-1,-1,1,-1,-1,-1,-1,-1,1,-1
"20916",-1,-1,-1,1,-1,1,1,-1,1,1,1,1,-1,-1,1,-1,-1,1,1,1,-1,1,1,1,1,1,-1,-1,-1,-1,-1,1,-1
"20917",1,-1,-1,1,-1,1,1,1,1,1,1,1,1,1,1,1,1,1,1,1,1,1,1,1,1,1,1,-1,-1,-1,1,1,1
"20918",-1,-1,-1,1,-1,-1,1,1,1,1,1,1,-1,-1,1,-1,-1,1,1,1,-1,1,1,-1,-1,1,-1,-1,-1,-1,-1,1,-1
"20919",-1,-1,-1,1,-1,1,1,1,1,1,1,1,-1,-1,1,-1,-1,1,1,1,-1,1,1,1,1,1,-1,-1,-1,-1,0,1,-1
"20920",1,1,1,1,1,1,1,1,1,1,-1,1,1,1,1,1,1,1,1,1,1,1,1,1,1,0,1,1,1,1,1,1,1
"20921",1,1,-1,1,1,1,1,1,1,1,1,1,1,-1,1,-1,1,1,1,1,-1,1,1,1,1,1,1,1,-1,-1,1,1,1
"20922",1,1,1,1,1,1,1,1,1,1,1,1,1,1,1,1,1,1,1,1,1,1,1,1,1,1,1,1,-1,1,1,1,1
"20923",1,1,1,1,1,1,1,1,1,1,1,1,1,1,1,1,-1,1,1,1,1,1,1,1,1,1,1,1,-1,1,-1,1,1
"20924",1,-1,-1,1,1,1,-1,1,1,1,1,1,-1,-1,1,-1,-1,1,1,-1,-1,1,1,-1,-1,1,-1,-1,-1,-1,-1,1,-1
"20925",-1,-1,-1,1,-1,-1,-1,1,1,1,1,-1,-1,-1,1,-1,1,1,1,1,-1,1,1,0,1,1,-1,-1,-1,-1,-1,1,-1
"20926",-1,-1,-1,1,-1,-1,-1,-1,1,1,1,1,-1,-1,1,-1,1,-1,1,1,-1,1,1,-1,1,1,-1,-1,-1,-1,-1,1,-1
"20927",1,1,1,1,1,1,1,1,1,1,1,1,1,1,1,1,1,1,1,1,1,1,1,1,1,1,1,1,-1,1,1,1,-1
"20928",1,1,1,1,1,1,1,1,1,1,1,1,1,-1,1,1,-1,1,1,1,1,1,1,1,1,1,1,1,-1,-1,1,1,1
"20929",1,1,-1,1,1,1,1,1,1,1,1,1,1,1,1,1,-1,1,1,1,-1,-1,1,1,1,1,-1,-1,-1,-1,-1,1,-1
"20930",1,1,1,1,1,1,1,1,1,1,1,1,1,1,1,1,1,1,1,1,1,1,1,1,1,1,1,1,1,1,1,1,1
"20931",1,1,1,1,1,1,1,1,1,1,1,1,1,-1,1,1,1,-1,1,1,1,1,1,1,-1,1,1,-1,-1,-1,1,1,1
"20932",1,1,1,1,1,1,1,0,1,1,1,1,1,1,1,1,1,1,1,1,1,1,1,1,1,1,1,1,1,1,1,1,1
"20933",1,1,1,1,1,1,-1,1,1,1,1,1,1,1,1,1,1,1,1,1,1,1,1,1,1,1,1,1,1,-1,1,1,1
"20934",1,1,1,1,1,1,1,1,1,1,1,1,1,1,1,1,1,1,1,1,1,1,1,1,1,1,1,1,1,1,1,1,1
"20935",1,1,1,1,1,1,1,1,1,1,1,1,1,1,1,1,1,1,1,1,1,1,1,1,1,1,-1,1,-1,1,1,1,1
"20936",1,-1,-1,1,-1,1,1,1,1,1,1,1,-1,-1,1,-1,-1,1,1,1,-1,1,1,1,1,1,-1,-1,-1,-1,-1,1,-1
"20937",1,1,1,1,1,1,1,1,1,1,-1,1,1,-1,1,1,1,1,1,1,1,1,1,1,1,1,1,-1,-1,NA,NA,NA,NA
"20938",1,1,1,1,1,1,-1,-1,1,1,1,1,1,1,1,1,1,1,1,1,1,1,1,1,1,1,1,1,-1,-1,1,1,1
"20939",1,1,1,1,1,1,1,1,1,1,1,1,1,-1,1,1,1,1,1,1,-1,1,1,1,1,1,1,1,-1,1,1,1,1
"20940",1,-1,-1,1,-1,1,-1,1,1,1,1,1,-1,-1,1,-1,1,1,1,1,-1,1,1,1,1,1,-1,-1,-1,-1,-1,1,-1
"20941",1,1,1,0,1,1,1,1,1,1,1,1,1,1,1,1,0,0,0,1,1,1,1,1,1,1,0,1,1,1,1,1,1
"20942",1,1,1,1,1,1,1,1,1,1,1,1,1,1,1,1,1,1,1,1,1,1,1,1,1,1,1,1,1,1,1,1,1
"20943",1,1,1,1,1,1,1,1,1,1,1,1,1,1,1,1,1,1,1,1,1,1,1,1,1,1,1,1,-1,1,1,1,1
"20944",1,1,1,1,1,1,1,1,1,1,1,1,1,1,1,1,1,1,1,1,1,1,1,-1,1,1,-1,-1,1,1,0,1,1
"20945",1,1,1,1,1,1,1,1,1,1,1,1,1,1,1,1,1,1,1,1,1,1,1,1,1,1,1,1,1,1,1,1,-1
"20946",1,-1,-1,1,-1,1,-1,-1,-1,1,1,1,-1,-1,1,-1,1,1,1,1,-1,1,1,1,1,1,-1,-1,-1,-1,-1,1,-1
"20947",-1,-1,-1,1,-1,1,1,-1,1,1,1,1,-1,-1,1,-1,-1,1,1,1,-1,1,1,1,1,1,-1,-1,-1,-1,-1,1,-1
"20948",-1,-1,-1,1,-1,0,0,-1,-1,-1,1,-1,-1,-1,1,-1,-1,-1,1,-1,-1,1,1,-1,-1,1,-1,-1,-1,-1,-1,1,-1
"20949",-1,-1,-1,-1,-1,-1,-1,-1,-1,-1,1,1,-1,-1,-1,-1,-1,-1,1,-1,-1,-1,1,-1,-1,1,-1,-1,-1,-1,-1,1,-1
"20950",1,1,1,1,1,1,1,1,1,1,1,1,1,-1,1,-1,-1,1,1,-1,-1,1,1,1,-1,1,1,1,-1,-1,1,1,1
"20951",1,1,1,0,1,1,1,-1,1,1,1,1,1,-1,1,-1,1,1,1,1,1,1,1,1,-1,1,1,-1,-1,1,1,1,1
"20952",1,1,1,1,1,1,1,1,1,1,1,1,1,1,1,1,1,1,1,1,1,1,1,1,-1,1,1,1,1,1,1,1,1
"20953",-1,-1,-1,-1,-1,-1,-1,-1,-1,-1,1,1,-1,-1,1,-1,-1,-1,1,-1,-1,-1,1,-1,-1,1,-1,-1,-1,-1,-1,1,-1
"20954",NA,NA,NA,NA,NA,NA,NA,NA,1,1,1,1,1,1,1,1,1,1,1,1,1,1,1,1,1,1,1,1,1,1,1,1,1
"20955",NA,NA,NA,NA,NA,NA,NA,NA,NA,NA,NA,NA,NA,NA,NA,NA,NA,NA,NA,1,1,1,1,1,1,1,1,1,1,1,1,1,1
"20956",NA,NA,NA,NA,NA,NA,NA,NA,1,1,1,1,1,-1,1,1,0,1,1,1,1,1,1,-1,1,1,1,1,-1,1,1,1,1
"20963",-1,-1,-1,1,-1,-1,-1,-1,1,1,1,1,-1,-1,1,-1,-1,1,1,1,-1,1,1,-1,-1,1,-1,-1,-1,-1,-1,1,-1
"29101",1,1,1,1,1,1,1,1,1,1,1,1,1,1,1,1,1,1,1,1,1,1,1,1,1,1,1,1,1,1,1,1,1
"29106",1,1,1,0,1,1,1,1,1,1,-1,1,1,1,1,1,1,1,1,1,1,1,-1,1,1,1,1,1,1,1,1,1,1
"29109",1,1,1,1,1,1,1,1,1,1,1,1,1,1,1,1,1,0,1,1,1,1,1,1,1,1,1,1,1,1,1,1,1
"29123",1,1,1,1,1,1,1,1,1,1,1,1,1,1,1,1,1,1,1,1,1,1,1,1,1,1,1,1,1,1,1,1,1
"29124",-1,-1,-1,1,-1,1,1,1,1,-1,1,1,-1,-1,1,-1,-1,-1,1,1,-1,1,1,1,1,1,-1,-1,-1,-1,-1,1,-1
"29127",1,1,-1,1,-1,1,1,-1,1,1,1,1,1,1,1,1,1,-1,1,1,1,1,1,-1,1,1,1,1,1,-1,1,1,1
"29132",1,1,1,1,1,1,1,1,1,1,1,1,1,1,1,1,1,1,1,1,1,1,1,1,1,1,1,1,1,1,1,1,1
"29134",1,1,1,1,1,1,1,1,1,1,-1,1,1,1,1,1,1,1,1,1,1,1,-1,1,1,1,1,1,1,1,1,1,1
"29137",-1,-1,-1,1,-1,-1,-1,-1,-1,-1,1,1,-1,-1,-1,-1,-1,0,1,0,-1,-1,1,-1,-1,1,-1,-1,-1,-1,-1,1,-1
"29143",-1,-1,-1,1,-1,-1,-1,-1,-1,-1,1,-1,-1,-1,1,-1,-1,-1,1,-1,-1,-1,1,-1,-1,0,-1,-1,-1,-1,-1,1,-1
"29144",1,1,1,1,1,1,1,1,1,1,1,1,1,1,1,1,1,1,1,1,1,1,1,1,1,1,1,-1,1,-1,1,1,-1
"29149",1,1,1,1,1,1,1,1,1,1,1,1,1,1,1,1,1,1,1,1,1,1,1,1,-1,0,0,0,1,1,1,1,1
"29301",-1,-1,-1,1,-1,1,-1,1,-1,1,1,1,-1,-1,1,-1,-1,-1,1,-1,-1,-1,1,1,-1,1,-1,-1,-1,-1,-1,1,-1
"29309",1,1,1,1,1,1,1,1,1,1,-1,1,1,1,1,1,1,1,1,1,1,1,1,1,1,1,1,1,1,1,1,1,1
"29312",1,1,1,1,1,1,1,1,1,1,1,1,1,1,1,1,1,1,1,1,1,1,1,1,1,1,1,1,1,1,1,1,1
"29313",1,1,1,1,1,1,1,1,1,1,-1,1,1,1,1,1,1,1,1,1,1,1,1,1,1,1,1,1,1,1,1,1,1
"29315",-1,-1,-1,1,1,1,-1,1,1,1,1,1,-1,-1,1,-1,-1,-1,1,1,-1,1,1,1,1,1,-1,-1,-1,-1,-1,1,-1
"29316",1,1,1,1,1,1,1,0,1,1,1,1,1,1,1,1,1,1,1,1,1,1,1,1,1,1,1,1,1,1,1,1,1
"29317",1,1,1,1,1,1,1,0,1,1,1,1,1,1,1,1,1,1,1,1,1,1,1,1,1,1,1,1,1,1,1,1,1
"29318",1,1,1,1,1,1,1,1,1,1,1,1,0,0,1,1,1,1,1,1,1,1,1,1,1,1,1,1,1,1,1,1,1
"29321",-1,-1,-1,-1,-1,-1,1,-1,-1,1,-1,-1,-1,-1,-1,-1,-1,-1,1,-1,-1,-1,-1,-1,1,1,-1,-1,-1,-1,-1,1,-1
"29323",-1,-1,-1,1,-1,1,1,-1,1,1,1,1,-1,-1,1,-1,-1,-1,1,-1,-1,1,1,1,1,1,-1,-1,-1,-1,-1,1,-1
"29325",1,1,1,1,1,1,1,1,1,1,-1,1,1,1,1,1,1,1,1,1,1,1,-1,1,1,1,1,1,1,1,1,1,1
"29327",1,-1,-1,1,1,1,1,1,1,1,1,1,-1,-1,-1,-1,-1,1,1,1,-1,1,1,1,1,1,-1,-1,-1,-1,-1,1,1
"29328",1,1,1,0,1,1,1,1,1,1,1,1,1,1,1,1,1,1,1,1,1,1,1,1,1,1,1,1,1,1,1,0,1
"29331",-1,-1,-1,1,-1,-1,1,-1,1,1,1,1,-1,-1,1,-1,-1,-1,1,-1,-1,1,1,-1,1,1,-1,-1,-1,-1,-1,1,-1
"29336",1,-1,-1,1,-1,1,1,-1,1,1,1,1,1,1,1,-1,1,1,1,1,1,1,1,1,1,1,-1,-1,-1,-1,-1,1,-1
"29337",1,1,1,1,1,1,1,1,0,1,1,1,1,1,1,0,1,1,1,1,1,1,1,1,1,1,1,1,1,1,1,1,1
"29338",-1,-1,-1,1,-1,-1,-1,-1,1,-1,1,-1,-1,-1,1,-1,-1,-1,1,-1,-1,-1,1,1,1,1,-1,-1,-1,-1,-1,1,-1
"29339",1,1,1,1,1,1,1,0,1,1,1,1,1,0,1,1,1,1,1,1,1,1,1,1,1,1,1,1,1,1,1,1,1
"29341",-1,-1,-1,1,-1,-1,-1,-1,-1,-1,1,-1,-1,-1,-1,-1,-1,-1,1,-1,-1,-1,1,0,-1,1,-1,-1,-1,-1,-1,1,-1
"29346",1,1,1,1,1,1,1,1,1,1,1,1,1,1,1,1,1,1,1,1,1,1,1,1,0,1,1,1,1,1,0,1,1
"29348",1,1,1,1,1,1,1,0,1,1,-1,1,1,1,1,1,1,1,1,1,1,1,1,1,0,1,1,1,1,1,0,1,1
"29349",-1,-1,-1,-1,-1,-1,1,1,-1,-1,1,1,-1,-1,1,-1,-1,-1,1,-1,-1,1,1,1,1,1,-1,-1,-1,-1,-1,1,-1
"29350",-1,-1,-1,1,-1,-1,-1,-1,1,1,1,0,-1,-1,1,-1,-1,-1,1,1,-1,1,1,1,1,1,-1,-1,-1,-1,-1,1,-1
"29356",-1,-1,-1,1,-1,-1,-1,1,1,1,1,-1,-1,-1,1,-1,-1,-1,1,-1,-1,-1,1,-1,1,1,-1,-1,-1,-1,-1,1,-1
"29360",1,1,1,1,1,1,1,1,1,1,1,-1,1,1,0,1,1,-1,1,1,1,1,1,1,1,1,1,-1,1,1,1,1,1
"29361",-1,-1,-1,1,-1,-1,1,-1,1,1,1,1,-1,-1,-1,-1,-1,-1,0,-1,-1,1,1,1,1,1,-1,-1,-1,-1,0,0,0
"29362",1,-1,-1,0,1,1,1,1,1,-1,-1,1,1,-1,1,1,-1,-1,1,1,1,1,1,1,1,1,-1,-1,-1,-1,1,1,-1
"29368",1,1,1,1,1,1,1,1,1,1,1,1,1,1,1,1,1,1,1,1,1,1,1,1,1,1,1,1,1,1,1,1,1
"29375",1,-1,-1,1,-1,1,-1,1,1,1,1,1,0,-1,1,-1,-1,1,1,1,-1,1,1,1,1,1,-1,-1,-1,-1,-1,1,-1
"29377",1,1,1,1,1,1,1,1,1,1,1,1,1,1,1,1,1,1,1,1,1,1,1,1,1,1,1,1,1,1,1,1,1
"29378",1,1,1,1,1,1,1,0,1,1,-1,1,1,0,1,1,1,1,1,1,1,1,1,1,1,1,1,1,1,1,1,1,1
"29379",1,1,1,1,1,1,1,1,1,1,1,1,1,1,1,1,1,1,1,1,1,1,1,1,1,0,1,1,1,1,0,1,1
"29380",1,1,1,1,1,0,0,1,1,1,1,1,1,1,1,1,1,1,1,1,1,1,1,1,1,1,0,1,1,1,1,1,1
"29383",1,1,1,1,1,1,1,1,1,1,1,1,1,1,1,1,1,1,1,1,1,1,-1,1,1,1,1,1,1,1,1,1,1
"29384",1,1,1,1,1,1,1,1,1,1,1,1,0,1,1,1,1,1,1,1,1,1,1,1,1,1,1,1,1,1,1,1,1
"29393",-1,-1,-1,1,-1,1,-1,-1,-1,-1,1,1,-1,-1,1,-1,-1,-1,1,0,-1,1,1,-1,-1,1,-1,-1,-1,-1,-1,1,-1
"29396",1,1,1,1,1,1,1,1,1,1,1,1,1,1,1,1,1,1,1,1,1,1,1,1,1,1,1,1,1,-1,1,1,1
"29501",-1,-1,-1,-1,-1,-1,-1,-1,-1,-1,1,-1,-1,0,-1,-1,-1,1,1,-1,-1,-1,1,-1,-1,1,-1,-1,-1,-1,-1,1,-1
"29504",1,1,1,1,1,1,1,1,1,1,-1,-1,1,1,1,1,1,1,1,1,1,1,-1,1,1,1,1,0,1,1,1,1,1
"29505",-1,-1,-1,1,0,-1,0,-1,1,1,1,-1,-1,-1,1,-1,-1,-1,1,-1,-1,-1,1,-1,0,0,0,-1,0,-1,-1,1,-1
"29508",-1,-1,-1,1,-1,1,1,1,1,1,1,1,-1,-1,1,-1,-1,-1,1,1,-1,1,1,1,1,1,-1,-1,-1,-1,-1,1,-1
"29519",-1,-1,-1,1,-1,1,0,-1,1,1,1,1,-1,-1,1,-1,1,1,1,1,-1,1,1,1,1,1,-1,-1,-1,-1,-1,1,NA
"29522",-1,-1,-1,1,-1,1,1,-1,1,1,1,1,-1,1,1,-1,-1,-1,1,1,-1,1,1,1,1,1,-1,-1,-1,-1,-1,1,-1
"29524",-1,-1,-1,-1,-1,-1,-1,-1,-1,1,1,1,-1,-1,1,-1,-1,1,1,-1,-1,1,1,1,-1,1,-1,-1,-1,-1,-1,1,-1
"29525",-1,1,-1,1,1,-1,1,-1,1,1,1,-1,-1,-1,1,-1,-1,1,1,1,-1,1,1,-1,1,1,-1,-1,-1,-1,-1,1,-1
"29539",1,-1,-1,1,1,1,1,1,1,1,1,1,1,-1,1,1,1,1,1,1,1,1,1,1,1,1,-1,-1,-1,-1,-1,1,-1
"29541",1,-1,-1,1,1,1,1,1,1,1,1,1,1,-1,1,-1,-1,1,1,1,-1,1,1,-1,1,1,-1,-1,-1,-1,-1,1,-1
"29546",-1,-1,-1,1,1,-1,1,-1,1,1,1,1,1,-1,1,-1,1,-1,1,1,-1,1,1,1,1,1,1,-1,-1,-1,1,1,1
"29549",-1,-1,-1,1,-1,-1,-1,-1,-1,-1,1,1,1,-1,1,-1,-1,-1,1,-1,-1,-1,1,-1,1,1,-1,-1,-1,-1,-1,1,-1
"29553",1,-1,-1,1,1,1,-1,1,1,1,1,1,1,0,1,1,1,1,1,1,1,1,1,1,1,1,-1,-1,-1,-1,-1,1,-1
"29559",1,1,1,1,1,1,1,1,1,1,1,1,1,0,1,1,1,1,1,1,1,1,1,1,1,1,1,1,1,1,1,1,1
"29561",1,1,1,1,1,1,1,1,1,1,1,1,1,1,1,1,1,1,1,1,1,1,1,1,1,1,1,1,1,1,1,1,1
"29564",1,1,1,1,1,1,1,1,1,1,1,1,0,0,0,0,1,1,1,1,1,1,1,1,1,1,1,1,1,1,1,1,1
"29567",-1,-1,-1,1,1,-1,1,1,1,0,1,1,-1,1,1,-1,-1,-1,1,1,-1,1,1,1,1,1,-1,-1,-1,-1,-1,1,0
"29571",1,1,1,1,1,1,1,1,1,1,-1,1,1,1,1,1,1,1,1,-1,1,1,1,-1,1,1,1,1,1,1,1,1,-1
"29572",-1,-1,-1,1,-1,-1,-1,-1,-1,-1,1,-1,-1,-1,1,-1,-1,-1,1,-1,-1,-1,1,-1,-1,1,-1,-1,-1,-1,-1,1,-1
"29573",1,1,1,1,1,1,1,1,1,1,1,1,-1,1,1,1,1,1,1,1,1,1,1,1,1,1,1,1,1,1,0,1,1
"29580",-1,-1,-1,1,-1,-1,-1,1,0,-1,1,1,-1,-1,1,-1,-1,-1,1,1,-1,1,1,-1,0,1,-1,-1,-1,-1,-1,1,-1
"29585",1,1,1,1,1,1,1,1,1,1,1,1,1,1,1,1,1,1,1,1,1,1,1,1,0,1,1,1,1,1,1,1,1
"29587",1,1,1,1,1,1,1,1,1,1,1,1,1,1,1,1,1,1,1,1,1,1,1,1,1,1,1,1,1,1,1,1,1
"29588",1,1,1,1,1,1,1,1,1,1,1,1,1,1,1,1,1,1,1,1,1,1,-1,-1,1,1,1,1,1,1,1,1,1
"29701",-1,-1,-1,1,-1,-1,1,-1,1,1,1,1,-1,1,1,-1,-1,1,0,-1,-1,1,1,1,1,1,-1,-1,-1,-1,-1,1,-1
"29702",1,1,1,1,1,-1,1,1,0,0,1,1,1,1,1,1,1,1,1,1,1,1,1,1,-1,1,1,-1,1,-1,1,1,-1
"29703",0,1,1,0,1,1,-1,1,1,1,1,1,1,1,1,1,1,1,1,1,1,1,1,1,1,1,1,1,1,1,1,1,1
"29705",1,1,1,1,1,1,1,1,1,1,1,1,0,1,1,1,NA,NA,NA,NA,NA,NA,NA,NA,NA,NA,NA,NA,NA,NA,NA,NA,NA
"29707",0,1,1,1,1,1,1,1,1,1,1,1,1,1,1,1,1,1,1,1,1,1,1,1,1,1,1,1,1,1,1,1,1
"29709",1,1,1,1,1,0,1,1,1,1,1,1,1,1,1,1,1,1,1,1,1,1,1,1,1,1,0,1,1,1,1,1,1
"29710",1,1,1,1,1,1,1,1,1,1,1,1,1,1,1,1,1,1,1,1,1,1,1,1,1,1,1,1,1,1,1,1,1
"29713",1,-1,-1,1,1,1,1,1,1,1,1,1,1,1,1,1,1,1,1,1,1,1,1,-1,1,1,1,1,1,1,1,1,-1
"29715",1,1,1,1,1,1,1,1,1,1,1,1,1,1,1,1,1,1,1,1,1,1,1,1,1,1,-1,1,1,NA,NA,NA,NA
"29717",1,1,1,1,1,1,1,1,1,1,1,1,1,1,1,1,1,1,1,1,1,1,1,1,1,1,1,1,1,1,1,1,1
"29718",-1,-1,-1,1,-1,1,1,1,1,1,1,1,-1,-1,1,-1,1,-1,1,-1,-1,-1,1,1,1,1,-1,-1,-1,-1,-1,1,-1
"29721",1,1,1,1,1,1,1,1,1,1,1,1,1,1,1,1,1,1,1,1,1,1,1,1,-1,1,1,1,1,1,1,1,1
"29722",1,-1,-1,1,-1,-1,1,-1,1,1,1,1,-1,-1,1,-1,-1,1,1,-1,-1,1,1,-1,-1,1,-1,-1,-1,-1,-1,1,-1
"29729",1,1,1,1,1,1,1,1,1,1,-1,1,1,1,1,1,1,1,1,1,1,1,1,1,1,1,1,1,1,1,1,1,1
"29730",1,1,1,1,1,1,1,1,1,1,-1,1,1,1,1,1,1,1,1,1,1,1,-1,-1,1,1,1,1,1,1,1,1,1
"29731",1,1,1,1,1,1,0,1,1,1,0,0,1,1,1,1,1,1,1,1,1,1,1,1,0,1,1,1,1,1,1,1,1
"29733",1,1,1,1,1,1,1,1,1,1,1,1,1,0,1,1,1,1,0,1,1,1,1,1,1,1,1,1,1,1,0,1,1
"29735",-1,-1,-1,1,-1,-1,1,0,1,1,1,1,-1,-1,-1,-1,-1,-1,1,-1,0,1,1,1,1,1,-1,-1,-1,-1,-1,1,-1
"29736",1,-1,-1,1,-1,1,1,1,1,1,1,1,-1,1,1,-1,1,-1,1,-1,-1,1,1,1,1,1,-1,-1,-1,-1,-1,1,-1
"29741",1,1,1,1,1,1,1,0,1,1,1,1,1,1,1,1,1,1,1,1,0,1,1,1,1,1,1,1,1,1,1,1,1
"29742",1,1,1,1,1,1,1,1,1,1,1,1,1,1,1,1,1,1,1,1,1,1,1,1,1,1,1,1,1,1,1,1,1
"29744",1,1,1,1,1,1,1,1,1,1,1,1,1,1,1,1,1,1,1,1,0,0,0,0,1,0,1,1,1,1,1,1,1
"29745",1,0,1,1,1,1,1,1,1,1,1,1,1,1,1,1,1,1,1,1,1,1,1,1,1,1,1,1,1,1,1,1,1
"29746",1,1,1,1,1,1,1,-1,1,1,1,1,1,1,1,1,1,-1,1,1,1,1,1,1,1,1,1,-1,-1,-1,1,1,1
"29748",1,1,1,1,1,1,1,1,1,1,-1,1,1,1,1,1,1,-1,1,-1,1,1,-1,1,1,1,1,-1,-1,1,1,1,1
"29752",-1,-1,-1,1,-1,-1,-1,-1,-1,1,1,1,-1,-1,1,-1,-1,-1,1,-1,-1,-1,1,1,-1,1,-1,-1,-1,-1,-1,1,-1
"29759",-1,-1,-1,1,-1,-1,-1,-1,-1,-1,1,-1,-1,0,0,-1,-1,1,1,-1,-1,-1,1,-1,-1,1,-1,0,-1,-1,-1,1,-1
"29760",-1,-1,-1,1,-1,-1,-1,1,-1,-1,1,-1,-1,-1,-1,-1,-1,-1,1,-1,-1,-1,1,-1,-1,1,-1,-1,-1,-1,-1,1,-1
"29762",-1,-1,-1,1,-1,-1,-1,-1,0,-1,1,1,-1,-1,1,-1,0,0,0,1,-1,-1,1,-1,-1,1,0,-1,-1,-1,-1,1,-1
"29763",1,1,1,1,1,1,1,0,1,1,1,1,1,1,1,1,1,1,1,1,1,1,1,1,1,1,1,1,1,1,1,1,1
"29764",1,1,1,1,1,1,1,1,1,1,1,1,1,1,1,1,1,1,1,1,1,1,1,1,1,1,1,1,1,1,1,1,1
"29768",1,1,1,1,1,1,1,1,1,1,1,1,1,1,1,1,1,1,1,1,1,1,1,1,1,1,-1,1,1,1,-1,1,1
"29769",1,1,1,1,1,1,1,1,1,1,1,1,1,-1,1,1,-1,1,1,-1,-1,1,1,1,1,1,1,1,1,1,1,1,1
"29771",1,1,1,1,1,1,1,1,1,1,1,1,1,1,1,1,1,1,1,1,1,1,1,1,1,1,1,1,1,1,1,1,1
"29774",1,1,1,1,1,1,1,1,1,1,1,1,1,1,1,1,1,1,1,1,1,1,1,1,1,1,1,1,1,1,1,1,1
"29775",1,-1,-1,1,1,1,1,1,1,1,1,1,-1,-1,1,-1,-1,1,1,-1,-1,1,1,1,1,1,-1,-1,-1,-1,-1,1,-1
"29776",0,1,1,1,1,1,1,1,1,1,1,1,1,1,1,1,1,1,1,1,1,1,1,1,1,1,1,1,1,1,1,1,1
"29777",1,1,1,1,1,1,1,1,1,1,1,0,1,1,1,1,1,1,1,1,1,1,1,1,1,1,1,1,1,1,1,1,1
"29778",1,1,1,0,1,1,1,1,1,1,-1,1,1,1,1,1,1,1,1,1,1,1,-1,1,1,1,1,1,1,1,1,1,1
"29901",1,1,1,1,1,1,1,1,1,1,-1,1,1,1,1,1,1,1,1,1,1,1,1,1,1,1,1,1,1,1,1,1,-1
"29903",1,1,1,1,1,1,0,0,1,1,-1,1,1,1,1,1,1,1,1,1,1,1,1,1,1,1,1,1,1,1,1,1,1
"29905",-1,-1,-1,0,0,0,0,0,-1,1,1,1,-1,-1,1,-1,-1,-1,1,0,-1,1,1,1,1,1,-1,-1,-1,-1,-1,1,-1
"29908",1,1,1,1,1,1,1,0,1,1,1,1,1,1,1,1,1,0,1,1,1,1,1,1,1,1,1,1,1,1,1,1,1
"29910",1,-1,-1,1,1,1,-1,1,1,1,1,1,-1,1,1,-1,-1,-1,1,1,-1,-1,1,1,1,1,-1,-1,-1,-1,-1,1,-1
"29911",1,1,1,1,1,1,1,1,1,1,-1,1,1,1,1,1,1,1,1,1,1,1,-1,1,1,1,1,1,1,1,1,1,1
"29912",-1,-1,-1,1,-1,1,1,1,1,1,1,1,1,-1,1,-1,-1,1,1,1,-1,1,1,1,1,1,-1,-1,-1,-1,-1,1,-1
"29914",1,1,1,1,1,1,1,1,1,1,1,1,1,1,1,-1,-1,1,1,1,-1,1,1,1,1,1,1,-1,1,1,1,1,1
"29915",1,1,1,1,1,1,1,1,1,1,1,1,1,1,1,1,1,1,1,-1,1,1,1,1,1,1,1,1,1,1,1,1,1
"29919",1,1,1,1,1,1,1,1,1,1,-1,1,1,0,0,1,1,1,1,1,1,1,1,1,0,1,1,1,1,1,1,1,1
"29921",-1,-1,-1,1,-1,1,-1,1,1,1,1,1,-1,-1,1,-1,-1,1,1,1,-1,1,1,1,-1,1,-1,-1,-1,-1,-1,1,-1
"29922",1,1,1,1,1,1,1,1,1,1,1,1,1,1,1,1,1,1,1,1,1,1,1,1,1,1,1,1,1,1,1,1,1
"29923",1,1,1,1,1,1,1,1,1,1,1,1,1,1,1,1,1,1,1,1,1,1,1,1,1,1,1,1,1,1,1,1,1
"29925",1,1,1,1,1,1,1,1,1,1,1,1,1,1,1,1,1,1,1,1,1,1,1,1,1,1,1,1,1,1,1,1,1
"29926",1,1,1,1,1,1,1,1,1,1,-1,1,1,1,1,1,1,1,1,1,1,1,1,1,1,1,1,1,1,1,1,1,1
"29931",1,1,1,1,1,1,1,0,1,1,1,1,1,1,1,1,1,1,1,1,1,1,1,1,0,1,1,1,1,1,1,1,1
"29932",-1,-1,-1,1,1,1,1,1,1,1,1,1,-1,-1,1,1,-1,-1,1,1,-1,1,1,1,1,1,-1,-1,-1,-1,-1,1,-1
"29937",1,1,1,1,1,1,1,1,1,1,-1,1,1,1,1,1,1,1,1,1,1,1,1,1,1,1,1,1,1,1,1,1,1
"29938",1,1,1,1,1,1,1,1,1,1,1,1,1,1,1,1,1,1,1,1,1,1,1,-1,1,1,1,1,1,1,-1,1,1
"29939",-1,-1,-1,1,-1,-1,1,-1,-1,1,1,0,-1,-1,-1,-1,-1,-1,1,-1,-1,1,1,-1,1,1,-1,-1,-1,-1,-1,1,-1
"29940",1,1,1,1,1,1,1,1,1,1,-1,1,1,1,1,1,1,1,1,1,1,1,-1,1,1,1,0,0,1,1,1,1,1
"29942",1,1,1,0,1,1,1,1,1,1,1,1,1,1,1,1,1,1,1,1,1,1,1,1,1,1,1,1,1,1,1,1,1
"29943",1,1,1,1,1,1,1,0,1,1,1,1,1,1,1,1,1,1,1,1,1,1,1,1,1,1,1,1,1,1,1,1,1
"39300",-1,-1,-1,1,-1,-1,-1,-1,-1,1,1,-1,-1,-1,-1,-1,-1,1,1,-1,-1,-1,1,-1,1,1,-1,-1,-1,-1,-1,1,0
"39301",1,1,1,1,1,1,1,1,1,1,1,1,1,1,1,1,1,1,1,1,1,1,1,1,1,1,1,1,1,1,1,1,1
"39304",1,1,1,1,1,1,1,1,1,1,1,1,1,-1,1,1,0,1,1,1,1,1,1,1,1,1,1,1,1,1,1,1,1
"39305",1,1,1,1,1,1,1,1,1,1,1,1,1,1,1,1,1,1,1,1,1,1,1,1,1,1,1,1,1,1,1,0,1
"39307",1,1,1,1,1,1,1,1,1,1,1,1,1,1,1,1,1,1,1,1,1,1,1,1,1,1,1,1,1,1,1,1,1
"39308",-1,-1,-1,1,-1,-1,1,-1,-1,1,1,1,-1,-1,-1,-1,-1,-1,1,-1,-1,-1,1,-1,-1,1,-1,-1,-1,-1,-1,1,-1
"39316",1,-1,-1,1,-1,1,1,1,1,1,1,1,1,-1,1,1,1,1,0,1,1,1,1,1,NA,NA,NA,NA,NA,NA,NA,NA,NA
"90327",-1,-1,-1,1,0,-1,1,-1,1,1,1,1,-1,-1,1,-1,-1,1,1,1,-1,1,1,-1,1,1,-1,-1,-1,-1,-1,1,-1
"94828",-1,-1,-1,1,-1,-1,-1,1,1,1,1,-1,-1,-1,-1,-1,1,-1,1,1,-1,1,1,1,-1,1,-1,-1,-1,-1,-1,1,-1
"99342",-1,-1,-1,1,-1,-1,-1,-1,-1,-1,1,-1,0,0,-1,-1,-1,-1,1,-1,-1,-1,1,0,-1,1,-1,-1,-1,-1,NA,NA,NA
"99911",0,0,1,0,0,1,0,1,1,1,1,1,1,0,1,1,1,1,1,1,1,0,0,1,0,0,1,0,0,1,1,0,1
